model_name,iou,iou_median,iou_lower,iou_upper,precision,recall,f1,rand_index,rand_index_median,rand_index_lower,rand_index_upper,modified_rand_index,modified_rand_index_median,modified_rand_index_lower,modified_rand_index_upper,time,time_lower,time_upper,khat_over,khat_under,khat_exact,kdiff,vocab_size,output_tokens,seed,d
simulation 2B,0.002836820084355581,0.0,0.0,0.0,0.004,0.004,0.004,0.3300597718253968,0.3278769841269841,0.3278769841269841,0.3278769841269841,0.18179042658730157,0.17906746031746026,0.17906746031746026,0.17906746031746026,1.6380617015784083e-05,1.0750000001280569e-05,5.951147509222204e-05,0.0,0.9955,0.0045,0.9977474630386188,1000,64,1234,0.5
simulation 2B,0.16304601883235603,0.0,0.0,0.96,0.1925,0.1925,0.19249999999999998,0.4412068452380952,0.3278769841269841,0.3278769841269841,0.9781746031746031,0.3202433035714286,0.17906746031746026,0.17906746031746026,0.9781746031746031,2.8212021004037523e-05,1.1750000339816324e-05,0.00010656697513695676,0.0,0.807,0.193,0.8983317872590283,1000,64,1234,1.0
simulation 2B,0.7384183191726079,0.8928571428571429,0.0,1.0,0.82525,0.8255,0.825374981069211,0.8335709325396824,0.9375,0.3278769841269841,1.0,0.8055357142857144,0.9370039682539683,0.17906746031746026,1.0,3.727499598880968e-05,1.6834001144161448e-05,0.00012032012614326944,0.0005,0.1745,0.825,0.4183300132670378,1000,64,1234,1.5
simulation 2B,0.9100769466288129,0.9259259259259259,0.7142857142857143,1.0,0.99625,0.9965,0.9963749843181533,0.9477653769841269,0.9573412698412699,0.8154761904761905,1.0,0.945234375,0.9573412698412699,0.7975570436507936,1.0,4.118088248560525e-05,2.89999989036005e-05,0.0001297111247822613,0.0005,0.0035,0.996,0.06324555320336758,1000,64,1234,2.0
simulation 2B,0.9252774729639391,0.96,0.7352941176470589,1.0,0.99975,1.0,0.9998749843730466,0.9570610119047619,0.9781746031746031,0.8392857142857143,1.0,0.9555920138888889,0.9781746031746031,0.8253968253968255,1.0,4.4211762996383184e-05,2.929200122707698e-05,0.00013258815029075776,0.0005,0.0,0.9995,0.022360679774997897,1000,64,1234,2.5
simulation 2B,0.9329544695739007,0.96,0.7575757575757576,1.0,1.0,1.0,1.0,0.9616535218253967,0.9781746031746031,0.8531498015873016,1.0,0.9605347222222221,0.9781746031746031,0.8392857142857143,1.0,4.310422302296502e-05,2.9666000045835972e-05,0.00013745904880124726,0.0,0.0,1.0,0.0,1000,64,1234,3.0
simulation 2B,0.9402228061048122,0.96,0.78125,1.0,1.0,1.0,1.0,0.9661019345238094,0.9781746031746031,0.8680555555555556,1.0,0.9653425099206349,0.9781746031746031,0.8606150793650794,1.0,4.3004328525057646e-05,2.9542001357185654e-05,0.00013200312423577995,0.0,0.0,1.0,0.0,1000,64,1234,3.5
simulation 2B,0.9469490843013759,0.96,0.8064516129032258,1.0,1.0,1.0,1.0,0.9702244543650793,0.9781746031746031,0.8868303571428571,1.0,0.9697338789682539,0.9781746031746031,0.8794518849206349,1.0,4.386266351048107e-05,2.912499985541217e-05,0.0001328958254362077,0.0,0.0,1.0,0.0,1000,64,1234,4.0
simulation 2B,0.949526592981028,0.96,0.8331896551724138,1.0,1.0,1.0,1.0,0.9717993551587302,0.9781746031746031,0.9007936507936508,1.0,0.9714072420634919,0.9781746031746031,0.8978174603174603,1.0,3.8600158532972275e-05,2.8708000127153354e-05,0.00012567010021484747,0.0,0.0,1.0,0.0,1000,64,1234,4.5
simulation 2B,0.9515826916718645,0.96,0.8571428571428571,1.0,1.0,1.0,1.0,0.9730515873015873,0.9781746031746031,0.9146577380952381,1.0,0.9727398313492063,0.9781746031746031,0.9116815476190476,1.0,4.3402829523074615e-05,2.8831974350396195e-05,0.000133262499639386,0.0,0.0,1.0,0.0,1000,64,1234,5.0
simulation 2B,0.00454795008912656,0.0,0.0,0.0,0.0075,0.0075,0.0075,0.3381954355314961,0.3345226377952756,0.3345226377952756,0.3345226377952756,0.18231496062992125,0.17765748031496062,0.17765748031496062,0.17765748031496062,2.1322061018508975e-05,1.1456974789325614e-05,7.337812530749942e-05,0.0,0.9925,0.0075,0.9962429422585638,1000,128,1234,0.5
simulation 2B,0.4263912390798682,0.6078431372549019,0.0,0.9615384615384616,0.5555,0.559,0.5572445042620009,0.6422384965551182,0.8159448818897638,0.3345226377952756,0.9783464566929134,0.5671548966535432,0.7914616141732284,0.17765748031496062,0.9783464566929134,4.04344190046686e-05,1.5331975191656966e-05,0.00014008820057824774,0.007,0.441,0.552,0.6693280212272604,1000,128,1234,1.0
simulation 2B,0.9160758442762376,0.9444444444444444,0.6666666666666666,1.0,0.99025,0.995,0.992619317466314,0.9532023868110236,0.967888779527559,0.8367894931102362,1.0,0.9505570866141733,0.9677657480314961,0.8180364173228346,1.0,4.51540854819541e-05,3.0041974741834566e-05,0.00013968052630843877,0.0095,0.005,0.9855,0.12041594578792296,1000,128,1234,1.5
simulation 2B,0.9559869962419145,0.9803921568627451,0.8472533292978208,1.0,1.0,1.0,1.0,0.9747076156496064,0.9890501968503937,0.9034202755905512,1.0,0.9742336983267716,0.9890501968503937,0.8989911417322834,1.0,4.936325601465796e-05,3.070800080422487e-05,0.00015313437497752597,0.0,0.0,1.0,0.0,1000,128,1234,2.0
simulation 2B,0.9664407576156323,0.9803921568627451,0.8771929824561403,1.0,1.0,1.0,1.0,0.9808259104330709,0.9890501968503937,0.9264271653543307,1.0,0.9805690821850395,0.9890501968503937,0.9238435039370079,1.0,4.230587702932098e-05,3.004099926329218e-05,0.000131539600806718,0.0,0.0,1.0,0.0,1000,128,1234,2.5
simulation 2B,0.9713512439002927,0.9803921568627451,0.8928571428571429,1.0,1.0,1.0,1.0,0.9836951279527562,0.9890501968503937,0.937992125984252,1.0,0.9835147637795278,0.9890501968503937,0.936761811023622,1.0,4.79809359585488e-05,3.074999949603807e-05,0.00015104822564353522,0.0,0.0,1.0,0.0,1000,128,1234,3.0
simulation 2B,0.9749363523793294,0.9803921568627451,0.9259259259259259,1.0,1.0,1.0,1.0,0.9858337844488191,0.9890501968503937,0.9576771653543307,1.0,0.9857421875000001,0.9890501968503937,0.9573080708661417,1.0,4.764054451970878e-05,3.058197489735903e-05,0.0001380461516419018,0.0,0.0,1.0,0.0,1000,128,1234,3.5
simulation 2B,0.9763100030957194,0.9803921568627451,0.9259259259259259,1.0,1.0,1.0,1.0,0.9866403174212601,0.9890501968503937,0.9576771653543307,1.0,0.9865704355314963,0.9890501968503937,0.9573080708661417,1.0,4.3844254473697217e-05,3.0208976113499375e-05,0.00014645905002907966,0.0,0.0,1.0,0.0,1000,128,1234,4.0
simulation 2B,0.9775810858745902,0.9803921568627451,0.9433962264150944,1.0,1.0,1.0,1.0,0.9873895177165356,0.9890501968503937,0.967888779527559,1.0,0.9873487327755908,0.9890501968503937,0.96751968503937,1.0,4.6740691012018943e-05,3.0625000363215804e-05,0.00013921209979343984,0.0,0.0,1.0,0.0,1000,128,1234,4.5
simulation 2B,0.978437571430348,0.9803921568627451,0.9433962264150944,1.0,1.0,1.0,1.0,0.9878992987204727,0.9890501968503937,0.967888779527559,1.0,0.9878790600393703,0.9890501968503937,0.9677657480314961,1.0,4.795837552228477e-05,3.0499999411404133e-05,0.0001493760505127284,0.0,0.0,1.0,0.0,1000,128,1234,5.0
simulation 2B,0.022754734911963653,0.0,0.0,0.48123969591500215,0.0465,0.0465,0.0465,0.35873851102941173,0.3378982843137255,0.3378982843137255,0.7819079350490195,0.20330925245098036,0.17696078431372547,0.17696078431372547,0.7401677389705882,3.002330199069547e-05,1.3166973576517194e-05,8.846632540553396e-05,0.0,0.9535,0.0465,0.9764732459212593,1000,256,1234,0.5
simulation 2B,0.7958827202979292,0.8723381138635375,0.0,0.9902912621359223,0.868,0.9615,0.9123607543044548,0.8792380667892157,0.8940410539215686,0.3378982843137255,0.994515931372549,0.8650637714460785,0.8916819852941176,0.17696078431372547,0.994515931372549,6.397632900643657e-05,2.52017508046265e-05,0.00018699999964155722,0.187,0.0385,0.7745,0.47486840282335063,1000,256,1234,1.0
simulation 2B,0.9684345238279763,0.9805825242718447,0.8802959501557632,1.0,0.9975,1.0,0.9987484355444306,0.9815002757352941,0.989093137254902,0.9237262561274511,1.0,0.9812106311274508,0.9890625000000001,0.9205093443627452,1.0,5.557819848763756e-05,3.4456975299690384e-05,0.0001526690734863223,0.005,0.0,0.995,0.07071067811865475,1000,256,1234,1.5
simulation 2B,0.9797684192650762,0.9902912621359223,0.9272560467055879,1.0,1.0,1.0,1.0,0.9884214154411763,0.994515931372549,0.9566145833333334,1.0,0.9883259650735292,0.994515931372549,0.9557567401960785,1.0,6.0363208009221126e-05,3.4791000825862287e-05,0.00017526042433928517,0.0,0.0,1.0,0.0,1000,256,1234,2.0
simulation 2B,0.9841543189282861,0.9902912621359223,0.9444314641744548,1.0,1.0,1.0,1.0,0.9909598805147056,0.994515931372549,0.9680116421568628,1.0,0.990910906862745,0.994515931372549,0.9675551470588235,1.0,6.091713351997896e-05,3.487499998300336e-05,0.00016625519988338052,0.0,0.0,1.0,0.0,1000,256,1234,2.5
simulation 2B,0.9859209843984524,0.9902912621359223,0.9532710280373832,1.0,1.0,1.0,1.0,0.9919775582107841,0.994515931372549,0.9729450061274509,1.0,0.99194134497549,0.994515931372549,0.9726386335784313,1.0,5.8646647010391465e-05,3.537500015227124e-05,0.00016736217567085972,0.0,0.0,1.0,0.0,1000,256,1234,3.0
simulation 2B,0.9872306621803222,0.9902912621359223,0.9537037037037037,1.0,1.0,1.0,1.0,0.9927409160539213,0.994515931372549,0.9731924019607843,1.0,0.9927156709558822,0.994515931372549,0.9730085784313725,1.0,6.718251899019378e-05,3.5582999771577306e-05,0.00017318052491646077,0.0,0.0,1.0,0.0,1000,256,1234,3.5
simulation 2B,0.9879115272309963,0.9902912621359223,0.9622641509433962,1.0,1.0,1.0,1.0,0.9931318933823527,0.994515931372549,0.9784313725490196,1.0,0.9931089920343136,0.994515931372549,0.9783394607843137,1.0,6.115312247402471e-05,3.5541974739317084e-05,0.00016925207410167786,0.0,0.0,1.0,0.0,1000,256,1234,4.0
simulation 2B,0.9884428057367757,0.9902912621359223,0.9714285714285714,1.0,1.0,1.0,1.0,0.9934312193627449,0.994515931372549,0.9837316176470589,1.0,0.9934061427696076,0.994515931372549,0.9836397058823529,1.0,5.944251899836672e-05,3.4208973875138324e-05,0.00016723919843570896,0.0,0.0,1.0,0.0,1000,256,1234,4.5
simulation 2B,0.9887580686148361,0.9902912621359223,0.9714285714285714,1.0,1.0,1.0,1.0,0.9936159313725488,0.994515931372549,0.9837316176470589,1.0,0.9935951746323528,0.994515931372549,0.9837009803921569,1.0,6.00018819759498e-05,3.4333974826949995e-05,0.00017571314947417702,0.0,0.0,1.0,0.0,1000,256,1234,5.0
simulation 2B,0.07996628030783307,0.0,0.0,0.4952515243902436,0.1835,0.188,0.18572274562584118,0.4202220791034737,0.33878883317025443,0.33878883317025443,0.7904207054182972,0.28024505412182005,0.1789460004892368,0.1789460004892368,0.752071612035225,4.997642049511342e-05,2.0623975615308154e-05,0.00014359062447510902,0.009,0.812,0.179,0.9060905032059435,1000,512,1234,0.5
simulation 2B,0.9439358583359888,0.9714285714285714,0.7268292682926829,1.0,0.8749166666666668,1.0,0.9332859238188365,0.9505679542257829,0.973290728962818,0.8432533099926615,0.9972709760273972,0.9492952161815069,0.9729773116438356,0.8380119786570449,0.9972709760273972,8.613071447507537e-05,4.9000000217347406e-05,0.00021141704974070308,0.249,0.0,0.751,0.5094114250780012,1000,512,1234,1.0
simulation 2B,0.9835878680333633,0.9902439024390244,0.9318181818181818,1.0,1.0,1.0,1.0,0.9906632636680529,0.9945419520547946,0.9603387582558709,1.0,0.9905794589346869,0.9945343077299413,0.9595361041462819,1.0,8.463486550317612e-05,4.704094999397057e-05,0.00019909237553292764,0.0,0.0,1.0,0.0,1000,512,1234,1.5
simulation 2B,0.9886971840496621,0.9951219512195122,0.9532710280373832,1.0,1.0,1.0,1.0,0.993595676369863,0.997263331702544,0.9731198783023484,1.0,0.9935585861056752,0.997263331702544,0.9727758836839531,1.0,7.851986798959842e-05,4.808197359125188e-05,0.0001868771004865266,0.0,0.0,1.0,0.0,1000,512,1234,2.0
simulation 2B,0.9914812905514454,0.9951219512195122,0.9714251537935749,1.0,1.0,1.0,1.0,0.995186521526419,0.997263331702544,0.9837022994129159,1.0,0.995167769997554,0.997263331702544,0.9835876345401174,1.0,8.23969174771264e-05,4.600000102072954e-05,0.00019320802448419272,0.0,0.0,1.0,0.0,1000,512,1234,2.5
simulation 2B,0.9930587766234368,0.9951219512195122,0.9760765550239234,1.0,1.0,1.0,1.0,0.9960884792380139,0.997263331702544,0.9864695450097848,1.0,0.9960798564395794,0.997263331702544,0.9864236790606654,1.0,7.796675600002345e-05,4.7248976397895606e-05,0.00018339687435400253,0.0,0.0,1.0,0.0,1000,512,1234,3.0
simulation 2B,0.99381247833894,0.9951219512195122,0.9807692307692307,1.0,1.0,1.0,1.0,0.9965165079195208,0.997263331702544,0.9891450587084148,1.0,0.9965109657840021,0.997263331702544,0.9890991927592955,1.0,8.145089700065e-05,4.7123975446083935e-05,0.00019787812557297,0.0,0.0,1.0,0.0,1000,512,1234,3.5
simulation 2B,0.9942078216572431,0.9951219512195122,0.9855072463768116,1.0,1.0,1.0,1.0,0.9967408115215267,0.997263331702544,0.9918358610567515,1.0,0.9967363969239238,0.997263331702544,0.9918282167318982,1.0,7.905929797834687e-05,4.7916000767145306e-05,0.00019086002498625007,0.0,0.0,1.0,0.0,1000,512,1234,4.0
simulation 2B,0.9944399303562566,0.9951219512195122,0.9855072463768116,1.0,1.0,1.0,1.0,0.9968730698079749,0.997263331702544,0.9918358610567515,1.0,0.9968694502201567,0.997263331702544,0.9918282167318982,1.0,8.317789598731907e-05,4.529100078798365e-05,0.00020175519916847403,0.0,0.0,1.0,0.0,1000,512,1234,4.5
simulation 2B,0.9945827702532903,0.9951219512195122,0.9855072463768116,1.0,1.0,1.0,1.0,0.9969543977800883,0.997263331702544,0.9918358610567515,1.0,0.9969511489420256,0.997263331702544,0.9918282167318982,1.0,8.066119700470154e-05,4.6998974539746996e-05,0.00018803957495947522,0.0,0.0,1.0,0.0,1000,512,1234,5.0
simulation 2B,0.18786344993197274,0.19070904645476772,0.0,0.6601466992665037,0.4556666666666666,0.5075,0.48018861394704965,0.553492660030242,0.7152045912756598,0.33923852944770283,0.8521704889112902,0.4416134989002932,0.6200980953690127,0.17994142534213098,0.8288478280791788,8.432803199411864e-05,3.2331973716281934e-05,0.0002222697756224078,0.1025,0.4925,0.405,0.778138805098422,1000,1024,1234,0.5
simulation 2B,0.980966189230199,0.9878934624697336,0.9024330610054268,1.0,0.9453333333333332,1.0,0.971898560657985,0.9808492771719208,0.9918552969208211,0.9037647295790567,1.0,0.9807196492393696,0.9918342955767351,0.9033039409976784,1.0,0.00011911306748515926,7.466594938705384e-05,0.00025879510076265433,0.109,0.0,0.891,0.3346640106136302,1000,1024,1234,1.0
simulation 2B,0.9917746606103117,0.9951100244498777,0.9667695944737548,1.0,1.0,1.0,1.0,0.9953666796493158,0.9972698252688172,0.9809198015945748,1.0,0.9953451924104961,0.9972679160557185,0.9807460632025905,1.0,0.00011501177148693387,7.174894885793037e-05,0.00024216809924837435,0.0,0.0,1.0,0.0,1000,1024,1234,1.5
simulation 2B,0.9945796670933297,0.9975550122249389,0.9784172661870504,1.0,1.0,1.0,1.0,0.9969544709952346,0.9986330034213099,0.9878344941348973,1.0,0.9969456074734238,0.9986330034213099,0.987778792842742,1.0,0.00011517490548430942,7.453892480953072e-05,0.00022752227646378684,0.0,0.0,1.0,0.0,1000,1024,1234,2.0
simulation 2B,0.9959089166982803,0.9975550122249389,0.9831730769230769,1.0,1.0,1.0,1.0,0.9977053673707844,0.9986330034213099,0.9905242412787145,1.0,0.9977013351127199,0.9986330034213099,0.990484434185606,1.0,0.00011781708349280962,7.229197626656969e-05,0.00024380552431466632,0.0,0.0,1.0,0.0,1000,1024,1234,2.5
simulation 2B,0.9966538788770949,0.9975550122249389,0.9901626153101118,1.0,1.0,1.0,1.0,0.9981250544125733,0.9986330034213099,0.994506477960044,1.0,0.9981228788642472,0.9986330034213099,0.9944948317601418,1.0,0.00011413763198652305,7.424999967042822e-05,0.00023654415003875328,0.0,0.0,1.0,0.0,1000,1024,1234,3.0
simulation 2B,0.9970004455175124,0.9975550122249389,0.9903147699757869,1.0,1.0,1.0,1.0,0.998319829469086,0.9986330034213099,0.9945549242424242,1.0,0.9983182161840175,0.9986330034213099,0.994549196603128,1.0,0.00011332274344295001,7.16229247245792e-05,0.0002320544989743211,0.0,0.0,1.0,0.0,1000,1024,1234,3.5
simulation 2B,0.9971659375019153,0.9975550122249389,0.9927007299270073,1.0,1.0,1.0,1.0,0.9984128606503541,0.9986330034213099,0.9959104655425219,1.0,0.998411463106366,0.9986330034213099,0.9959085563294232,1.0,0.00011481813402588159,7.462187568307854e-05,0.00023412605009980324,0.0,0.0,1.0,0.0,1000,1024,1234,4.0
simulation 2B,0.9972504724788481,0.9975550122249389,0.9951100244498777,1.0,1.0,1.0,1.0,0.9984603933742667,0.9986330034213099,0.9972698252688172,1.0,0.9984590970185726,0.9986330034213099,0.9972679160557185,1.0,0.00011769010303487449,7.224895075523819e-05,0.00023829199926694855,0.0,0.0,1.0,0.0,1000,1024,1234,4.5
simulation 2B,0.9973096350402846,0.9975550122249389,0.9951219512195122,1.0,1.0,1.0,1.0,0.9984936728677907,0.9986330034213099,0.9972698252688172,1.0,0.9984924481075879,0.9986330034213099,0.9972698252688172,1.0,0.00011285791151385639,7.458397567461361e-05,0.00022913124848855657,0.0,0.0,1.0,0.0,1000,1024,1234,5.0
simulation 2B,0.4321832222259199,0.4371184371184371,0.0,0.8449375725900116,0.5651083333333333,0.9385,0.7054419147273504,0.7625307414432706,0.7803745763617489,0.3396581697300928,0.8842554939393014,0.7040751559542165,0.736039020517831,0.179853520395701,0.8616186726192294,0.00019375153599048643,5.378887549341016e-05,0.0004335124994213401,0.6555,0.0615,0.283,1.3023056476879764,1000,2048,1234,0.5
simulation 2B,0.9924150022400197,0.9951159951159951,0.9715093921499616,1.0,0.99475,1.0,0.9973680912395038,0.9950480996389534,0.9972702048729849,0.981194349772533,1.0,0.9950320991847825,0.9972682965925745,0.9810434882793416,1.0,0.0001479137804808488,0.00010537397520238301,0.0002742750000834347,0.0105,0.0,0.9895,0.10246950765959599,1000,2048,1234,1.0
simulation 2B,0.996153641034062,0.9975579975579976,0.9855421686746988,1.0,1.0,1.0,1.0,0.9978430484684141,0.9986336712261846,0.9918592757694187,1.0,0.9978394952502899,0.998633194156082,0.9918330369137762,1.0,0.00014562143750117685,0.0001006649754344835,0.0002603465494757983,0.0,0.0,1.0,0.0,1000,2048,1234,1.5
simulation 2B,0.9975321526413173,0.9987789987789988,0.9915151515151515,1.0,1.0,1.0,1.0,0.9986164144078987,0.9993163585429897,0.995232161394724,1.0,0.9986149743717939,0.9993163585429897,0.9952245282730825,1.0,0.0001458271339888597,0.00010687394892556767,0.0002677340510217617,0.0,0.0,1.0,0.0,1000,2048,1234,2.0
simulation 2B,0.9981194312225382,0.9987789987789988,0.9939246658566221,1.0,1.0,1.0,1.0,0.9989459288745725,0.9993163585429897,0.9965913341170005,1.0,0.9989451708101793,0.9993163585429897,0.9965870285593246,1.0,0.00014843130049121102,0.00010274687519995496,0.000276843350047784,0.0,0.0,1.0,0.0,1000,2048,1234,2.5
simulation 2B,0.9983819193447655,0.9987789987789988,0.9951338199513382,1.0,1.0,1.0,1.0,0.999093109294852,0.9993163585429897,0.9972711590131901,1.0,0.9990925542237876,0.9993163585429897,0.9972692507327797,1.0,0.00014392824601054598,0.00010603782498037617,0.000257782299968312,0.0,0.0,1.0,0.0,1000,2048,1234,3.0
simulation 2B,0.9985309501595443,0.9987789987789988,0.9963459196102314,1.0,1.0,1.0,1.0,0.9991768157765173,0.9993163585429897,0.9979519380495847,1.0,0.9991764276799888,0.9993163585429897,0.9979505068392769,1.0,0.00014854164399912407,0.00010404094932709995,0.00026435694899191715,0.0,0.0,1.0,0.0,1000,2048,1234,3.5
simulation 2B,0.9986026969382632,0.9987789987789988,0.9975278067431352,1.0,1.0,1.0,1.0,0.9992170432817077,0.9993163585429897,0.9986156976100696,1.0,0.9992166945434628,0.9993163585429897,0.998615220539967,1.0,0.0001446258125215536,0.0001067080011125654,0.0002558180497544525,0.0,0.0,1.0,0.0,1000,2048,1234,4.0
simulation 2B,0.9986513171898678,0.9987789987789988,0.9975609756097561,1.0,1.0,1.0,1.0,0.999244318095078,0.9993163585429897,0.9986336712261846,1.0,0.9992439913020577,0.9993163585429897,0.998633194156082,1.0,0.0001473471200233689,0.00010170897485295427,0.00026238230061608186,0.0,0.0,1.0,0.0,1000,2048,1234,4.5
simulation 2B,0.9986871503450063,0.9987789987789988,0.9975609756097561,1.0,1.0,1.0,1.0,0.9992644287467175,0.9993163585429897,0.9986336712261846,1.0,0.9992641181740808,0.9993163585429897,0.9986336712261846,1.0,0.00014443606149143308,0.00010328997541364515,0.00026644512558959816,0.0,0.0,1.0,0.0,1000,2048,1234,5.0
simulation 2B,0.7635722473091557,0.7873703477730324,0.42884606590053015,0.9774286817939468,0.28585476190476183,1.0,0.4446143847246319,0.84277859837645,0.84989989936279,0.7668892937032585,0.8849614919585622,0.830624788590316,0.841798842433608,0.7229988129817232,0.8821987054286858,0.0004506177474895594,0.0002446944754865399,0.0009178086751035152,0.993,0.0,0.007,3.021754457264852,1000,4096,1234,0.5
simulation 2B,0.9960993870215716,0.9975594874923734,0.9860891402270769,1.0,0.99975,1.0,0.9998749843730466,0.9977707501049297,0.9986335279304029,0.9918611385359432,1.0,0.9977668023003472,0.9986328125,0.9918310904590201,1.0,0.00017228340152723831,0.0001441659510419413,0.00023072362446328035,0.0005,0.0,0.9995,0.022360679774997897,1000,4096,1234,1.0
simulation 2B,0.9980829764724126,0.9987797437461867,0.9927228623408126,1.0,1.0,1.0,1.0,0.9989248592986874,0.9993165254884004,0.9959122453067766,1.0,0.9989239696013621,0.99931640625,0.9959056782518696,1.0,0.00019698721798522457,0.00014628892540713423,0.00034771945083775783,0.0,0.0,1.0,0.0,1000,4096,1234,1.5
simulation 2B,0.9987790558044569,0.9993898718730934,0.9957446808510638,1.0,1.0,1.0,1.0,0.999315652126736,0.9996581435057997,0.9976120125534188,1.0,0.9993154141268886,0.9996581435057997,0.997610101758051,1.0,0.00017239053950652306,0.000143625000373504,0.00022447187370744305,0.0,0.0,1.0,0.0,1000,4096,1234,2.0
simulation 2B,0.999080872241706,0.9993898718730934,0.9969585911920068,1.0,1.0,1.0,1.0,0.9994848974430515,0.9996581435057997,0.9982931022970085,1.0,0.9994848022311887,0.9996581435057997,0.9982923868666056,1.0,0.00019170122600371543,0.00014687397469970165,0.00032695039881218673,0.0,0.0,1.0,0.0,1000,4096,1234,2.5
simulation 2B,0.9992309396013472,0.9993898718730934,0.9975654290931223,1.0,1.0,1.0,1.0,0.9995690429687498,0.9996581435057997,0.9986340048840049,1.0,0.9995690029046472,0.9996581435057997,0.9986336471688034,1.0,0.00017021879098865611,0.00014395584962585418,0.00022333299966703635,0.0,0.0,1.0,0.0,1000,4096,1234,3.0
simulation 2B,0.9993037286596852,0.9993898718730934,0.9981718464351006,1.0,1.0,1.0,1.0,0.9996098412817648,0.9996581435057997,0.9989751459478022,1.0,0.999609821070856,0.9996581435057997,0.9989749074710013,1.0,0.00019044828151618275,0.0001443298751837574,0.0003177274247718739,0.0,0.0,1.0,0.0,1000,4096,1234,3.5
simulation 2B,0.9993484982190559,0.9993898718730934,0.9987797437461867,1.0,1.0,1.0,1.0,0.9996349369705813,0.9996581435057997,0.9993165254884004,1.0,0.9996349281469398,0.9996581435057997,0.99931640625,1.0,0.0001746498944976338,0.00014345592576319176,0.00022877289925418142,0.0,0.0,1.0,0.0,1000,4096,1234,4.0
simulation 2B,0.9993658530468081,0.9993898718730934,0.9987804692034108,1.0,1.0,1.0,1.0,0.9996446673010148,0.9996581435057997,0.9993165254884004,1.0,0.9996446624122404,0.9996581435057997,0.99931640625,1.0,0.0001984543849639522,0.00014541699965775479,0.0003232163248412689,0.0,0.0,1.0,0.0,1000,4096,1234,4.5
simulation 2B,0.9993737544249014,0.9993898718730934,0.998780487804878,1.0,1.0,1.0,1.0,0.9996491016578904,0.9996581435057997,0.9993165254884004,1.0,0.9996490990942649,0.9996581435057997,0.9993165254884004,1.0,0.00017024223047519627,0.00014354199993249495,0.00021980865026307575,0.0,0.0,1.0,0.0,1000,4096,1234,5.0
simulation 2B,0.970285578581706,0.9807257138392456,0.8713274616422814,0.9993896856881294,0.29754761904761906,1.0,0.45863075031653117,0.8880203032541909,0.881236763172804,0.8521282380003586,0.9650370200465355,0.8877106945516134,0.8811646476506226,0.8508208882021331,0.9650362041083582,0.0006662994935186362,0.00030879029955031,0.0010763812496861647,0.977,0.0,0.023,3.154996038032378,1000,8192,1234,0.5
simulation 2B,0.9979473306010422,0.9984765386959171,0.9924195332784801,1.0,1.0,1.0,1.0,0.9988495312237706,0.999146059222775,0.9957418883971833,1.0,0.9988484012499905,0.9991458803870101,0.9957340218589763,1.0,0.00021025453047059271,0.00018904094899880876,0.00024512605018571775,0.0,0.0,1.0,0.0,1000,8192,1234,1.0
simulation 2B,0.9990752524556265,0.9993896856881294,0.9966452675094737,1.0,1.0,1.0,1.0,0.9994819692416791,0.9996582448533451,0.9981224159722275,1.0,0.9994817798397012,0.9996582150473843,0.9981207766443829,1.0,0.0002621545605352367,0.00019278885024505145,0.0004225051993671513,0.0,0.0,1.0,0.0,1000,8192,1234,1.5
simulation 2B,0.9993865886745161,0.9996948428440647,0.997867803837953,1.0,1.0,1.0,1.0,0.9996563805948172,0.9998290926207117,0.9988049001953363,1.0,0.9996563133376667,0.9998290926207117,0.9988043927488535,1.0,0.000212256148482993,0.00019066287495661527,0.00024888334964998646,0.0,0.0,1.0,0.0,1000,8192,1234,2.0
simulation 2B,0.9995439537859118,0.9996948428440647,0.9984765386959171,1.0,1.0,1.0,1.0,0.9997445582810257,0.9998290926207117,0.999146204526834,1.0,0.9997445333185335,0.9998290926207117,0.9991459094478219,1.0,0.00023046738953235035,0.00019291497396807246,0.00029277362541506557,0.0,0.0,1.0,0.0,1000,8192,1234,2.5
simulation 2B,0.9996164908892459,0.9996948428440647,0.9990845285321941,1.0,1.0,1.0,1.0,0.9997851986191731,0.9998290926207117,0.9994874268919394,1.0,0.9997851892601014,0.9998290926207117,0.9994873672800177,1.0,0.00021256104900385254,0.00019120280062452367,0.00024700414996914333,0.0,0.0,1.0,0.0,1000,8192,1234,3.0
simulation 2B,0.9996562741043986,0.9996948428440647,0.9990853658536586,1.0,1.0,1.0,1.0,0.9998074860710782,0.9998290926207117,0.9994874566979002,1.0,0.999807482434751,0.9998290926207117,0.9994874268919394,1.0,0.00025160664452232595,0.00019383195053706003,0.00028295032570895256,0.0,0.0,1.0,0.0,1000,8192,1234,3.5
simulation 2B,0.9996733521586243,0.9996948428440647,0.9993896856881294,1.0,1.0,1.0,1.0,0.9998170521004616,0.9998290926207117,0.9996582448533451,1.0,0.99981705019288,0.9998290926207117,0.9996582150473843,1.0,0.0002131994584997301,0.00019195587451577013,0.0002492583506864321,0.0,0.0,1.0,0.0,1000,8192,1234,4.0
simulation 2B,0.999683415783737,0.9996948428440647,0.9993898718730934,1.0,1.0,1.0,1.0,0.9998226891677029,0.9998290926207117,0.9996582448533451,1.0,0.9998226880797854,0.9998290926207117,0.9996582150473843,1.0,0.00024509968898837545,0.0001917479244639253,0.0002790576003462774,0.0,0.0,1.0,0.0,1000,8192,1234,4.5
simulation 2B,0.9996905818116596,0.9996948428440647,0.9993898718730934,1.0,1.0,1.0,1.0,0.9998267034643108,0.9998290926207117,0.9996582448533451,1.0,0.9998267028979975,0.9998290926207117,0.9996582448533451,1.0,0.00021106303451233542,0.00019033092444260548,0.00024371842519030901,0.0,0.0,1.0,0.0,1000,8192,1234,5.0
