model_name,iou,iou_median,iou_lower,iou_upper,precision,recall,f1,rand_index,rand_index_median,rand_index_lower,rand_index_upper,modified_rand_index,modified_rand_index_median,modified_rand_index_lower,modified_rand_index_upper,time,time_lower,time_upper,khat_over,khat_under,khat_exact,vocab_size,output_tokens,watermark_type,seed,ar_coeff
simulation 1,0.9689681783302904,0.976,0.9159515625,0.9960159362549801,0.98625,1.0,0.9930774071743234,0.9714598076152307,0.9798076152304609,0.8970637274549098,0.9976032064128256,0.971092112224449,0.979687374749499,0.8955088176352706,0.9976032064128256,8.621280147235666e-05,4.72059276944492e-05,0.00019796112610492853,0.0275,0.0,0.9725,1000,500,gumbel,1234,0.1
simulation 1,0.8984197724627235,0.9157298640057261,0.733317610062893,0.9880478087649402,0.8324583333333333,1.0,0.9085699993178562,0.9114015470941883,0.924877755511022,0.7613633266533066,0.990436873747495,0.908271246492986,0.9230941883767535,0.7506531062124249,0.9904288577154309,9.19552610048413e-05,4.6541976644220995e-05,0.00020937050039719887,0.3215,0.0,0.6785,1000,500,inverse,1234,0.1
simulation 1,0.24520053539945602,0.288,0.0,0.72,0.5220833333333332,0.5885,0.5533056952052224,0.5904829098196394,0.6227575150300602,0.4188376753507014,0.8212985971943888,0.43476693386773535,0.5071863727454909,0.1693386773547094,0.7800519038076152,7.971551199989335e-05,2.454200148349628e-05,0.0002127687474967387,0.1305,0.4115,0.458,1000,500,redgreen,1234,0.1
simulation 1,0.9411816414114137,0.96,0.808,0.988,0.787,1.0,0.880805819809737,0.9226805330661323,0.9578997995991984,0.8184825651302605,0.9916392785571142,0.9212390581162324,0.9571703406813626,0.8132290581162325,0.9916152304609218,9.798263999073242e-05,4.849375181947835e-05,0.00022596322469325966,0.4195,0.0,0.5805,1000,500,pf,1234,0.1
simulation 1,0.9805343201988699,0.988,0.932,0.9960159362549801,0.9995,1.0,0.9997499374843711,0.9833964048096193,0.990436873747495,0.9409939879759519,0.9976032064128256,0.9832378997995993,0.9904128256513026,0.9399038076152305,0.9976032064128256,8.377845948962203e-05,4.733300011139363e-05,0.00018747154754237264,0.001,0.0,0.999,1000,500,gumbel,1234,0.2
simulation 1,0.933205760127988,0.946969696969697,0.8012180511182109,0.992,0.8851666666666667,1.0,0.9390858456369905,0.9378372945891783,0.956689378757515,0.8199575150300602,0.9939963927855712,0.9362336753507015,0.9562404809619238,0.8119733466933868,0.9939885771543087,8.62261809870688e-05,4.570897417579545e-05,0.00020573292376866435,0.2255,0.0,0.7745,1000,500,inverse,1234,0.2
simulation 1,0.4740726741097636,0.472,0.0,0.932,0.67,0.8635,0.754541897619824,0.7003243967935872,0.7367775551102205,0.4188376753507014,0.8525086172344689,0.6142042444889779,0.6781442885771543,0.1693386773547094,0.846635270541082,9.164460004103603e-05,3.0029499703232433e-05,0.00023842740019972548,0.373,0.1365,0.4905,1000,500,redgreen,1234,0.2
simulation 1,0.9688686793049844,0.972,0.9116705882352941,0.996,0.96725,1.0,0.9833523954759182,0.9709892545090181,0.9786533066132265,0.8560394789579158,0.9964008016032064,0.9706689258517034,0.9784849699398798,0.8541955911823648,0.9964008016032064,9.061275400017621e-05,4.7248974624380935e-05,0.00021584342393907713,0.0655,0.0,0.9345,1000,500,pf,1234,0.2
simulation 1,0.9878298834296965,0.992,0.952,0.9960159362549801,1.0,1.0,1.0,0.9897250781563126,0.9940120240480962,0.9578677354709418,0.9976032064128256,0.9896668176352705,0.9940040080160321,0.9573386773547093,0.9976032064128256,8.974416100500093e-05,4.8122924090421294e-05,0.0001956701270501071,0.0,0.0,1.0,1000,500,gumbel,1234,0.30000000000000004
simulation 1,0.9491356446584639,0.9615384615384616,0.8304672392219316,0.996,0.8938333333333334,1.0,0.9439408606881986,0.949588865731463,0.9678316633266533,0.8421685370741483,0.9964008016032064,0.9484814468937877,0.9674709418837675,0.8364699398797595,0.9964008016032064,8.92730375071551e-05,4.608397684933152e-05,0.00020281287279431113,0.21,0.0,0.79,1000,500,inverse,1234,0.30000000000000004
simulation 1,0.6961923513800248,0.7387959866220736,0.24397843137254902,0.9880952380952381,0.650625,0.9785,0.7815687101971917,0.777859755511022,0.7970260521042084,0.604858517034068,0.9334637274549097,0.7430297915831663,0.7761362725450902,0.46395991983967927,0.9314222444889779,0.00010505995805397106,4.533197443379322e-05,0.00025805174955166826,0.6205,0.0215,0.358,1000,500,redgreen,1234,0.30000000000000004
simulation 1,0.9791504843693054,0.98,0.9538000000000001,0.996,0.99925,1.0,0.9996248593222459,0.9839689138276554,0.9857234468937875,0.9637543086172344,0.9964008016032064,0.9838495270541082,0.9856513026052104,0.9631342685370741,0.9964008016032064,8.550432304218702e-05,4.699897626778693e-05,0.0001989524013879416,0.0015,0.0,0.9985,1000,500,pf,1234,0.30000000000000004
simulation 1,0.9916545611393066,0.996,0.968,0.9960159362549801,1.0,1.0,1.0,0.9929293587174348,0.9964008016032064,0.9728016032064128,0.9976032064128256,0.9929075511022045,0.9964008016032064,0.9726332665330661,0.9976032064128256,8.09353579825256e-05,4.733300011139363e-05,0.00017780970056264768,0.0,0.0,1.0,1000,500,gumbel,1234,0.4
simulation 1,0.9585696036664464,0.9652509652509652,0.8355566289291121,0.996,0.90125,1.0,0.9480604865220249,0.9568164569138278,0.97025250501002,0.8738352705410821,0.9964008016032064,0.9560126533066133,0.9699639278557114,0.8676350701402805,0.9964008016032064,8.291491150521324e-05,4.6373946679523216e-05,0.00020016704957015463,0.1965,0.0,0.8035,1000,500,inverse,1234,0.4
simulation 1,0.8357424617105517,0.8725099601593626,0.408,0.996,0.662125,0.999,0.796403491609602,0.8360980320641284,0.8321603206412825,0.670541482965932,0.9928186372745491,0.8233170901803608,0.8247975951903808,0.6075008016032065,0.9928102204408819,0.00010286303947214037,4.962499951943755e-05,0.0002488454246304172,0.6395,0.001,0.3595,1000,500,redgreen,1234,0.4
simulation 1,0.9847082467618884,0.988,0.964,0.996,1.0,1.0,1.0,0.9882993507014027,0.990436873747495,0.9704769539078156,0.9964008016032064,0.9882341643286575,0.9904128256513026,0.970188376753507,0.9964008016032064,8.093059894054022e-05,4.620697736754664e-05,0.00018441802512825234,0.0,0.0,1.0,1000,500,pf,1234,0.4
simulation 1,0.993852129787099,0.996,0.98,0.996,1.0,1.0,1.0,0.9947430821643287,0.9964008016032064,0.9821643286573146,0.9964008016032064,0.9947346653306613,0.9964008016032064,0.9820841683366733,0.9964008016032064,8.1068707502709e-05,4.787500074598938e-05,0.00017416145165043397,0.0,0.0,1.0,1000,500,gumbel,1234,0.5
simulation 1,0.9643876738090985,0.9689922480620154,0.8741258741258742,0.996,0.9146666666666667,1.0,0.9554317548746518,0.9622857474949899,0.9704769539078156,0.8793539078156313,0.9964008016032064,0.9617464368737476,0.9703006012024048,0.8758396793587174,0.9964008016032064,8.19869075112365e-05,4.645799708669074e-05,0.0002088361501591862,0.17,0.0,0.83,1000,500,inverse,1234,0.5
simulation 1,0.9064826861383799,0.9484126984126984,0.596,0.996,0.6960416666666667,1.0,0.8207836875076772,0.873162997995992,0.8575591182364729,0.7343426853707415,0.9964008016032064,0.8680924168336673,0.8565130260521041,0.7108412825651301,0.9964008016032064,9.987020352673426e-05,4.754200199386105e-05,0.00023105559830582925,0.5815,0.0,0.4185,1000,500,redgreen,1234,0.5
simulation 1,0.9892136608865583,0.992,0.972,0.996,1.0,1.0,1.0,0.9915755511022044,0.9928176352705411,0.9786533066132265,0.9964008016032064,0.9915457114228456,0.992809619238477,0.9784849699398798,0.9964008016032064,8.611703852147911e-05,4.662292349166819e-05,0.00020453750012165963,0.0,0.0,1.0,1000,500,pf,1234,0.5
simulation 1,0.9950747223893186,0.996,0.988,0.996,1.0,1.0,1.0,0.9957119919839679,0.9964008016032064,0.989250501002004,0.9964008016032064,0.9957091663326653,0.9964008016032064,0.9892264529058116,0.9964008016032064,8.514088704032474e-05,4.9041998863685876e-05,0.00020390207400851053,0.0,0.0,1.0,1000,500,gumbel,1234,0.6000000000000001
simulation 1,0.9685190000335883,0.9689922480620154,0.8896797153024911,0.996,0.9209166666666667,1.0,0.9588304195045768,0.965631498997996,0.972689378757515,0.8866052104208417,0.9964008016032064,0.9652548937875752,0.9724649298597194,0.8859777555110221,0.9964008016032064,7.929193001291424e-05,4.4583000999409705e-05,0.00018409232634439827,0.158,0.0,0.842,1000,500,inverse,1234,0.6000000000000001
simulation 1,0.9410898371924372,0.9761904761904762,0.7,0.9960159362549801,0.7619166666666666,1.0,0.8648725346450361,0.9050331102204409,0.8875591182364729,0.7697715430861723,0.9964008016032064,0.902506633266533,0.883118236472946,0.7562168336673347,0.9964008016032064,9.479429402199458e-05,4.699792280007387e-05,0.00021752602233391359,0.4595,0.0,0.5405,1000,500,redgreen,1234,0.6000000000000001
simulation 1,0.9925292526771895,0.996,0.98,0.996,1.0,1.0,1.0,0.9940068016032064,0.9964008016032064,0.9844927855711423,0.9964008016032064,0.9939945410821645,0.9964008016032064,0.984411623246493,0.9964008016032064,7.878428550975513e-05,4.458295143194846e-05,0.00018475032338756092,0.0,0.0,1.0,1000,500,pf,1234,0.6000000000000001
simulation 1,0.9956663100011026,0.996,0.992,0.996,1.0,1.0,1.0,0.9961689699398798,0.9964008016032064,0.9928176352705411,0.9964008016032064,0.9961681242484971,0.9964008016032064,0.992809619238477,0.9964008016032064,7.476655849495728e-05,4.458197599888081e-05,0.0001683191505435387,0.0,0.0,1.0,1000,500,gumbel,1234,0.7000000000000001
simulation 1,0.9703838390695017,0.9689922480620154,0.929368029739777,0.996,0.9225,1.0,0.9596879063719116,0.9666383046092185,0.97025250501002,0.890685370741483,0.9964008016032064,0.9663680160320643,0.9699639278557114,0.8902044088176353,0.9964008016032064,8.233968404056213e-05,4.654200156437582e-05,0.00019217187191316018,0.155,0.0,0.845,1000,500,inverse,1234,0.7000000000000001
simulation 1,0.9504706626915946,0.984,0.7199,0.996,0.788,1.0,0.8814317673378076,0.9161532064128257,0.9227174348697395,0.781137875751503,0.9964008016032064,0.9142754669338679,0.9179478957915831,0.7744472945891784,0.9964008016032064,9.627904551234678e-05,5.0999999075429514e-05,0.00022369062517100212,0.411,0.0,0.589,1000,500,redgreen,1234,0.7000000000000001
simulation 1,0.9945148330568777,0.996,0.984,0.996,1.0,1.0,1.0,0.9953975030060122,0.9964008016032064,0.989250501002004,0.9964008016032064,0.9953929659318638,0.9964008016032064,0.9892264529058116,0.9964008016032064,8.368619996508641e-05,4.679094990933663e-05,0.00018137780180040838,0.0,0.0,1.0,1000,500,pf,1234,0.7000000000000001
simulation 1,0.9959301274900402,0.996,0.996,0.996,1.0,1.0,1.0,0.9963532384769539,0.9964008016032064,0.9964008016032064,0.9964008016032064,0.9963530220440883,0.9964008016032064,0.9964008016032064,0.9964008016032064,8.185664952543448e-05,4.658092666431912e-05,0.00018305037510799588,0.0,0.0,1.0,1000,500,gumbel,1234,0.8
simulation 1,0.9705692524084854,0.9652509652509652,0.9325038636648427,0.9920634920634921,0.93825,1.0,0.9681413646330453,0.9684769258517034,0.97025250501002,0.8931062124248497,0.9952224448897795,0.9682227535070143,0.9699639278557114,0.8926973947895791,0.9952144288577154,0.000341253919981682,4.6415950691880425e-05,0.00019415624756220477,0.1235,0.0,0.8765,1000,500,inverse,1234,0.8
simulation 1,0.9578516313869634,0.9841897233201581,0.772,0.996,0.8125,1.0,0.896551724137931,0.9259309098196393,0.956689378757515,0.8011849699398798,0.9964008016032064,0.9245526052104209,0.9562404809619238,0.793487374749499,0.9964008016032064,8.663194998371182e-05,4.8081973545777146e-05,0.00016696497596058153,0.3655,0.0,0.6345,1000,500,redgreen,1234,0.8
simulation 1,0.9955247785821696,0.996,0.992,0.996,1.0,1.0,1.0,0.9960905731462927,0.9964008016032064,0.9928176352705411,0.9964008016032064,0.9960891583166332,0.9964008016032064,0.992809619238477,0.9964008016032064,8.604197550630488e-05,4.7539973002130866e-05,0.00020817227368752353,0.0,0.0,1.0,1000,500,pf,1234,0.8
simulation 1,0.9960000159362553,0.996,0.996,0.996,1.0,1.0,1.0,0.9964039078156314,0.9964008016032064,0.9964008016032064,0.9964008016032064,0.9964038517034068,0.9964008016032064,0.9964008016032064,0.9964008016032064,9.360989550441446e-05,4.783400072483346e-05,0.00020238267261447567,0.0,0.0,1.0,1000,500,gumbel,1234,0.9
simulation 1,0.9703089773140862,0.9652509652509652,0.9430985133287766,0.996,0.94425,1.0,0.9713257039989713,0.9687534148296594,0.97025250501002,0.8931062124248497,0.9964008016032064,0.9684990020040082,0.9699639278557114,0.8926973947895791,0.9964008016032064,5.994373050816648e-05,4.204200013191439e-05,9.042012598001745e-05,0.1115,0.0,0.8885,1000,500,inverse,1234,0.9
simulation 1,0.96057922636593,0.9841897233201581,0.788,0.996,0.7985833333333334,1.0,0.8880137144975212,0.9245212224448898,0.95625250501002,0.8014891783567134,0.9964008016032064,0.9233500681362725,0.9552304609218437,0.7976689378757514,0.9964008016032064,6.668652598091284e-05,4.270490126145887e-05,0.0001039211483657709,0.392,0.0,0.608,1000,500,redgreen,1234,0.9
simulation 1,0.9959220000000003,0.996,0.996,0.996,1.0,1.0,1.0,0.9963513226452906,0.9964008016032064,0.9964008016032064,0.9964008016032064,0.996351122244489,0.9964008016032064,0.9964008016032064,0.9964008016032064,6.242917147210391e-05,4.224894801154733e-05,9.116804949371726e-05,0.0,0.0,1.0,1000,500,pf,1234,0.9
simulation 1,0.7521145086047599,0.936,0.0,0.996,0.7566666666666666,0.8705,0.8096015568984943,0.8449008857715431,0.9409939879759519,0.4188376753507014,0.9964008016032064,0.7988927134268536,0.9399038076152305,0.1693386773547094,0.9964008016032064,5.4698647516488565e-05,2.2915999579709023e-05,9.137707238551229e-05,0.2115,0.1295,0.659,1000,500,gumbel,1234,1.0
simulation 1,0.7042833539860887,0.8372068566621096,0.0683453237410072,0.9880478087649402,0.7102,0.9875,0.8262030983094775,0.8423888136272544,0.8692024048096192,0.6147683366733467,0.990436873747495,0.8019802765531062,0.8612905811623247,0.43951102204408815,0.9904288577154309,5.887910400269902e-05,3.841697307507275e-05,0.00010100417284775173,0.4915,0.0055,0.503,1000,500,inverse,1234,1.0
simulation 1,0.247795245818779,0.0,0.0,0.936,0.346,0.446,0.38968686868686864,0.5642800921843688,0.4188376753507014,0.4188376753507014,0.8475835671342684,0.3988048256513025,0.1693386773547094,0.1693386773547094,0.8435468937875751,3.3710250005242414e-05,1.4041997928870842e-05,7.475625161532658e-05,0.1925,0.554,0.2535,1000,500,redgreen,1234,1.0
simulation 1,0.6588252596783006,0.864,0.0,0.984,0.5917083333333334,0.8055,0.682247666477798,0.7850677234468938,0.8378557114228457,0.4188376753507014,0.9892825651302605,0.7192032665330661,0.8315991983967935,0.1693386773547094,0.9892344689378757,5.5223193501660715e-05,2.0166000467725098e-05,9.708612560643813e-05,0.3995,0.1945,0.406,1000,500,pf,1234,1.0
