model_name,iou,iou_lower,iou_upper,precision,recall,f1,rand_index,rand_index_lower,rand_index_upper,modified_rand_index,modified_rand_index_lower,modified_rand_index_upper,time,time_lower,time_upper,khat_over,khat_under,khat_exact,method,vocab_size,output_tokens,ar_coeff,data_gen_type
simulation,0.2392156862745098,0.23921568627450981,0.23921568627450981,1.0,1.0,1.0,0.8215711422845694,0.8215711422845692,0.8215711422845692,0.6790781563126256,0.6790781563126254,0.6790781563126254,6.736058420028712e-05,4.799897487828275e-05,9.333405109828162e-05,0.0,0.0,1.0,WISER,2,500,1.0,gumbel
simulation,0.0,0.0,0.0,0.0,0.0,,0.4188376753507015,0.4188376753507014,0.4188376753507014,0.1693386773547094,0.1693386773547094,0.1693386773547094,0.010694014015804715,0.010024031649300014,0.01158199655055796,0.0,1.0,0.0,Aligator,2,500,1.0,gumbel
simulation,0.0005488,0.0,0.0,0.0028,0.0028,0.0028,0.43380572505010023,0.4188376753507014,0.5953907815631263,0.18455418196392784,0.1693386773547094,0.34589178356713435,0.0834872526541938,0.0813254076256726,0.08945395865002864,0.0,0.9322,0.0678,SeedBS_NOT,2,500,1.0,gumbel
simulation,0.241635687732342,0.241635687732342,0.241635687732342,1.0,1.0,1.0,0.791991983967936,0.7919919839679359,0.7919919839679359,0.6541883767535072,0.654188376753507,0.654188376753507,0.001308493097808241,0.0012528749994089594,0.001453971550654387,0.0,0.0,1.0,Waterseeker,2,500,1.0,gumbel
simulation,0.992,0.992,0.992,0.5,1.0,0.6666666666666666,0.883743486973948,0.8837434869739479,0.8837434869739479,0.8837354709418836,0.8837354709418838,0.8837354709418838,8.742432359904342e-05,6.449897500715451e-05,0.00011896217483808863,1.0,0.0,0.0,WISER,4,500,1.0,gumbel
simulation,0.00045519999999999995,0.0,0.008,0.053883333333333325,0.0604,0.05695586991395654,0.499521176753507,0.4188376753507014,0.7960801603206413,0.25024872144288574,0.1693386773547094,0.5492665330661323,0.010658364681215608,0.0099302920007176,0.0116189799003223,0.0126,0.7856,0.2018,Aligator,4,500,1.0,gumbel
simulation,0.003527105009299251,0.0,0.0,0.0142,0.0142,0.0142,0.46025463086172347,0.4188376753507014,0.5825811623246493,0.21170751262525045,0.1693386773547094,0.3335390781563127,0.08124258089679934,0.07901398580092973,0.08702368437520817,0.0,0.7492,0.2508,SeedBS_NOT,4,500,1.0,gumbel
simulation,0.32270916334661354,0.32270916334661354,0.32270916334661354,1.0,1.0,1.0,0.8202885771543086,0.8202885771543086,0.8202885771543086,0.7064929859719439,0.7064929859719439,0.7064929859719439,0.0012223577926240977,0.0011681607252739922,0.0013542236245939418,0.0,0.0,1.0,Waterseeker,4,500,1.0,gumbel
simulation,0.9960159362549803,0.9960159362549801,0.9960159362549801,1.0,1.0,1.0,0.9976032064128256,0.9976032064128256,0.9976032064128256,0.9976032064128256,0.9976032064128256,0.9976032064128256,6.861411519967078e-05,4.787397392647108e-05,9.38760249482584e-05,0.0,0.0,1.0,WISER,8,500,1.0,gumbel
simulation,0.140816,0.028,0.416,0.16213163694578556,0.9972,0.27891530466341957,0.7865665683366733,0.7448577154308618,0.8101643286573146,0.600205903006012,0.5709739478957916,0.6606653306613227,0.01049966036781916,0.009873268424644265,0.011360104900859369,0.9982,0.0,0.0018,Aligator,8,500,1.0,gumbel
simulation,0.01041994943615369,0.0,0.0,0.0173,0.0176,0.017448710601719198,0.5195349547094189,0.4188376753507014,0.8746613226452906,0.27334345010020045,0.1693386773547094,0.6407535070140281,0.07779843974919386,0.07538314934949994,0.08270266980080124,0.0006,0.737,0.2624,SeedBS_NOT,8,500,1.0,gumbel
simulation,0.0,0.0,0.0,0.0,0.0,,0.4188376753507015,0.4188376753507014,0.4188376753507014,0.1693386773547094,0.1693386773547094,0.1693386773547094,0.0005765077025942446,0.0005420420002337778,0.0006525041757868166,0.0,1.0,0.0,Waterseeker,8,500,1.0,gumbel
simulation,0.9960159362549803,0.9960159362549801,0.9960159362549801,1.0,1.0,1.0,0.9976032064128256,0.9976032064128256,0.9976032064128256,0.9976032064128256,0.9976032064128256,0.9976032064128256,6.915429660875815e-05,4.850000004807953e-05,9.38760249482584e-05,0.0,0.0,1.0,WISER,16,500,1.0,gumbel
simulation,0.8792144000000001,0.58,0.964,0.39307758267007814,1.0,0.5643297797049837,0.8752849474949901,0.7602304609218438,0.9690661322645291,0.8691009651302606,0.7164889779559118,0.9687775551102205,0.010588372114811137,0.009925580876370077,0.01151129897566534,0.8536,0.0,0.1464,Aligator,16,500,1.0,gumbel
simulation,0.038923711939577506,0.0,0.564,0.0786,0.0818,0.08016807980049877,0.7687161074148297,0.4188376753507014,0.8871022044088176,0.5324828056112225,0.1693386773547094,0.7717915831663327,0.07279616658081832,0.07039116977616686,0.07596813020090848,0.0064,0.1776,0.816,SeedBS_NOT,16,500,1.0,gumbel
simulation,0.0,0.0,0.0,0.0,0.0,,0.4188376753507015,0.4188376753507014,0.4188376753507014,0.1693386773547094,0.1693386773547094,0.1693386773547094,0.0005689900066059636,0.0005277069003568613,0.0006362961494232876,0.0,1.0,0.0,Waterseeker,16,500,1.0,gumbel
simulation,0.9920318725099602,0.9920318725099602,0.9920318725099602,1.0,1.0,1.0,0.9940120240480963,0.9940120240480962,0.9940120240480962,0.9940120240480963,0.9940120240480962,0.9940120240480962,6.702603499797987e-05,4.7916976154738225e-05,9.225207531926569e-05,0.0,0.0,1.0,WISER,32,500,1.0,gumbel
simulation,0.9504168,0.936,0.976,0.7727,1.0,0.8717775145258646,0.9648539799599198,0.9546533066132264,0.9833907815631262,0.9642676921843688,0.953691382765531,0.9832705410821643,0.010515582653794263,0.009862479175899353,0.011394549349415684,0.4546,0.0,0.5454,Aligator,32,500,1.0,gumbel
simulation,0.07996893755302369,0.0,0.972,0.1949,0.2102,0.20226107134040974,0.8562783951903808,0.6223567134268537,0.9823086172344689,0.6296121442885771,0.37285771543086177,0.9821402805611222,0.06947830699239967,0.06686944447492352,0.07229386290036928,0.0306,0.0226,0.9468,SeedBS_NOT,32,500,1.0,gumbel
simulation,0.0,0.0,0.0,0.0,0.0,,0.4188376753507015,0.4188376753507014,0.4188376753507014,0.1693386773547094,0.1693386773547094,0.1693386773547094,0.0005666823641724477,0.0005287080002744915,0.0006441742743390932,0.0,1.0,0.0,Waterseeker,32,500,1.0,gumbel
simulation,0.9920318725099602,0.9920318725099602,0.9920318725099602,1.0,1.0,1.0,0.9940120240480963,0.9940120240480962,0.9940120240480962,0.9940120240480963,0.9940120240480962,0.9940120240480962,6.731958379496064e-05,4.799999987881165e-05,9.27090500226768e-05,0.0,0.0,1.0,WISER,64,500,1.0,gumbel
simulation,0.9855879235513181,0.976,0.992,0.9686,1.0,0.984049578380575,0.9893094460921844,0.9833907815631262,0.9936432865731463,0.9892661915831664,0.9832705410821643,0.9936352705410821,0.01088219231920266,0.010230547524179201,0.011668348949297068,0.0628,0.0,0.9372,Aligator,64,500,1.0,gumbel
simulation,0.6683531371403276,0.0,0.992,0.7068,0.7484,0.7270053875755909,0.9326675302605211,0.7824689378757514,0.9940120240480962,0.861413250501002,0.5807935871743487,0.9940040080160321,0.06448670724359508,0.06182347187609594,0.06752306177422725,0.0832,0.0016,0.9152,SeedBS_NOT,64,500,1.0,gumbel
simulation,0.0,0.0,0.0,0.0,0.0,,0.4188376753507015,0.4188376753507014,0.4188376753507014,0.1693386773547094,0.1693386773547094,0.1693386773547094,0.0005344033372031845,0.0005065829991508508,0.0006005198013554034,0.0,1.0,0.0,Waterseeker,64,500,1.0,gumbel
simulation,0.9960000000000002,0.996,0.996,1.0,1.0,1.0,0.9964008016032065,0.9964008016032064,0.9964008016032064,0.9964008016032065,0.9964008016032064,0.9964008016032064,6.686349159535894e-05,4.56250017577986e-05,9.262605130970768e-05,0.0,0.0,1.0,WISER,128,500,1.0,gumbel
simulation,0.9916462370146463,0.98,0.9960159362549801,0.9351,1.0,0.9664616815668441,0.994188889779559,0.9857234468937875,0.9976032064128256,0.9941718140280562,0.9856432865731463,0.9976032064128256,0.010534322609400624,0.009888312501516339,0.011331809374041765,0.1298,0.0,0.8702,Aligator,128,500,1.0,gumbel
simulation,0.8461397193036075,0.0,0.9920318725099602,0.8887,0.9194,0.9037893700569658,0.9540925595190382,0.8289939879759519,0.9940120240480962,0.9288699462925851,0.6407535070140281,0.9940120240480962,0.060841765491980185,0.05782241700030681,0.06396495039930414,0.0614,0.0,0.9386,SeedBS_NOT,128,500,1.0,gumbel
simulation,0.0,0.0,0.0,0.0,0.0,,0.4188376753507015,0.4188376753507014,0.4188376753507014,0.1693386773547094,0.1693386773547094,0.1693386773547094,0.0005446060805952584,0.0005190389243125537,0.0006048854001164726,0.0,1.0,0.0,Waterseeker,128,500,1.0,gumbel
simulation,0.9960000000000002,0.996,0.996,1.0,1.0,1.0,0.9964008016032065,0.9964008016032064,0.9964008016032064,0.9964008016032065,0.9964008016032064,0.9964008016032064,6.272591660490434e-05,4.258197527633456e-05,8.825105078358318e-05,0.0,0.0,1.0,WISER,256,500,1.0,gumbel
simulation,0.9709716390135014,0.9652509652509652,0.9765625,0.9999,1.0,0.999949997499875,0.9815165386773548,0.9762645290581162,0.9858597194388777,0.98132088496994,0.9759759519038076,0.9857394789579158,0.010457254500793715,0.009810903774859981,0.011279167049451644,0.0002,0.0,0.9998,Aligator,256,500,1.0,gumbel
simulation,0.70461169430032,0.3,0.9920318725099602,0.7493666666666666,0.9868,0.8518479715849093,0.9216087422845692,0.8171288577154309,0.9940120240480962,0.8789335342685372,0.7318396793587175,0.9940120240480962,0.05741141679360844,0.05458890134896137,0.06041527225083882,0.4718,0.0,0.5282,SeedBS_NOT,256,500,1.0,gumbel
simulation,0.0,0.0,0.0,0.0,0.0,,0.4188376753507015,0.4188376753507014,0.4188376753507014,0.1693386773547094,0.1693386773547094,0.1693386773547094,0.000538064624603794,0.0005116649762840098,0.0006017624999913095,0.0,1.0,0.0,Waterseeker,256,500,1.0,gumbel
simulation,0.9960000000000002,0.996,0.996,1.0,1.0,1.0,0.9964008016032065,0.9964008016032064,0.9964008016032064,0.9964008016032065,0.9964008016032064,0.9964008016032064,5.931863560690544e-05,4.3123974182890376e-05,8.504302509209082e-05,0.0,0.0,1.0,WISER,512,500,1.0,gumbel
simulation,0.9663951301384565,0.9652509652509652,0.9689922480620154,1.0,1.0,1.0,0.977392229258517,0.9762645290581162,0.9799038076152304,0.9771230204408817,0.9759759519038076,0.9796793587174348,0.01087863671980449,0.010416871175812048,0.011585176051130474,0.0,0.0,1.0,Aligator,512,500,1.0,gumbel
simulation,0.9000960406631539,0.404,0.9920318725099602,0.8905,0.9904,0.9377970120686905,0.9566710380761524,0.855664128256513,0.9940120240480962,0.9473388985971943,0.7696513026052104,0.9940120240480962,0.05845678444259465,0.05492107045006378,0.06177610657414334,0.1998,0.0,0.8002,SeedBS_NOT,512,500,1.0,gumbel
simulation,0.0,0.0,0.0,0.0,0.0,,0.4188376753507015,0.4188376753507014,0.4188376753507014,0.1693386773547094,0.1693386773547094,0.1693386773547094,0.0005780489959921397,0.0005473339756463247,0.000673262498776239,0.0,1.0,0.0,Waterseeker,512,500,1.0,gumbel
simulation,0.9960000000000002,0.996,0.996,1.0,1.0,1.0,0.9964008016032065,0.9964008016032064,0.9964008016032064,0.9964008016032065,0.9964008016032064,0.9964008016032064,5.9580488209758186e-05,4.4458973707151014e-05,8.729512587706262e-05,0.0,0.0,1.0,WISER,1024,500,1.0,gumbel
simulation,0.9653811618927899,0.9652509652509652,0.9689922480620154,1.0,1.0,1.0,0.9763911759519036,0.9762645290581162,0.9799038076152304,0.9761048304609216,0.9759759519038076,0.9796793587174348,0.01087064201200883,0.010496971874317751,0.011552930601055774,0.0,0.0,1.0,Aligator,1024,500,1.0,gumbel
simulation,0.90035929561753,0.11553784860557768,0.996,0.9274666666666667,1.0,0.9623685666851134,0.9611581643286572,0.593691382765531,0.9964008016032064,0.9483425539078156,0.3988216432865731,0.9964008016032064,0.056236828565808535,0.052590184749533364,0.059806187173853685,0.145,0.0,0.855,SeedBS_NOT,1024,500,1.0,gumbel
simulation,0.0,0.0,0.0,0.0,0.0,,0.4188376753507015,0.4188376753507014,0.4188376753507014,0.1693386773547094,0.1693386773547094,0.1693386773547094,0.0005778685414075881,0.0005457499992189696,0.000648126050191422,0.0,1.0,0.0,Waterseeker,1024,500,1.0,gumbel
simulation,0.9960000000000002,0.996,0.996,1.0,1.0,1.0,0.9964008016032065,0.9964008016032064,0.9964008016032064,0.9964008016032065,0.9964008016032064,0.9964008016032064,6.06061990129092e-05,4.325000008975621e-05,8.879414917828395e-05,0.0,0.0,1.0,WISER,2048,500,1.0,gumbel
simulation,0.962880902880903,0.9615384615384616,0.9652509652509652,1.0,1.0,1.0,0.9739514484969939,0.9726412825651303,0.9762645290581162,0.9736168144288576,0.9722805611222445,0.9759759519038076,0.011189929413399295,0.010745247924705836,0.011841055525019328,0.0,0.0,1.0,Aligator,2048,500,1.0,gumbel
simulation,0.8480570845460915,0.396,0.9920318725099602,0.8401666666666668,1.0,0.9131419255502221,0.9542039567134268,0.8652264529058116,0.9940120240480962,0.9361490933867735,0.7726414829659319,0.9940120240480962,0.054013274360200376,0.05025379862431691,0.05761213397640858,0.3196,0.0,0.6804,SeedBS_NOT,2048,500,1.0,gumbel
simulation,0.0,0.0,0.0,0.0,0.0,,0.4188376753507015,0.4188376753507014,0.4188376753507014,0.1693386773547094,0.1693386773547094,0.1693386773547094,0.0005530601418278821,0.0005201649755690596,0.0006058801986910111,0.0,1.0,0.0,Waterseeker,2048,500,1.0,gumbel
simulation,0.9960000000000002,0.996,0.996,1.0,1.0,1.0,0.9964008016032065,0.9964008016032064,0.9964008016032064,0.9964008016032065,0.9964008016032064,0.9964008016032064,5.982703820882307e-05,4.3125000956933945e-05,8.796010019977982e-05,0.0,0.0,1.0,WISER,4096,500,1.0,gumbel
simulation,0.9614302668694531,0.9615384615384616,0.9615384615384616,1.0,1.0,1.0,0.9725470781563123,0.9726412825651303,0.9726412825651303,0.972183740280561,0.9722805611222445,0.9722805611222445,0.010657152125408175,0.010172077724337213,0.011347498574696142,0.0,0.0,1.0,Aligator,4096,500,1.0,gumbel
simulation,0.8621110661354582,0.248,0.9920318725099602,0.8466666666666668,1.0,0.9169675090252709,0.9617980424849698,0.8449539078156313,0.9940120240480962,0.9437921330661324,0.7563286573146293,0.9940120240480962,0.050820322803598536,0.048354379175634676,0.0542789851012003,0.3064,0.0,0.6936,SeedBS_NOT,4096,500,1.0,gumbel
simulation,0.0,0.0,0.0,0.0,0.0,,0.4188376753507015,0.4188376753507014,0.4188376753507014,0.1693386773547094,0.1693386773547094,0.1693386773547094,0.0005623252474004403,0.0005268739741950412,0.000612961124670619,0.0,1.0,0.0,Waterseeker,4096,500,1.0,gumbel
simulation,0.9960000000000002,0.996,0.996,1.0,1.0,1.0,0.9964008016032065,0.9964008016032064,0.9964008016032064,0.9964008016032065,0.9964008016032064,0.9964008016032064,5.6540491009945983e-05,4.216600059407938e-05,7.821002595846948e-05,0.0,0.0,1.0,WISER,8192,500,1.0,gumbel
simulation,0.9598799988438205,0.9541984732824428,0.9615384615384616,1.0,1.0,1.0,0.9715726877755511,0.9680400801603206,0.9726412825651303,0.9711747174348697,0.9675110220440881,0.9722805611222445,0.010263743068807526,0.00988795280004524,0.010733131250117368,0.0,0.0,1.0,Aligator,8192,500,1.0,gumbel
simulation,0.8240775000869096,0.24701195219123506,0.9920318725099602,0.7682333333333334,1.0,0.8689275548098857,0.9489818244488979,0.8437354709418838,0.9940120240480962,0.927727653707415,0.7611783567134268,0.9940120240480962,0.05035461003999189,0.048464462825177176,0.053474144076562875,0.4634,0.0,0.5366,SeedBS_NOT,8192,500,1.0,gumbel
simulation,0.0,0.0,0.0,0.0,0.0,,0.4188376753507015,0.4188376753507014,0.4188376753507014,0.1693386773547094,0.1693386773547094,0.1693386773547094,0.000552594277206299,0.0005130819745318149,0.000606463226085907,0.0,1.0,0.0,Waterseeker,8192,500,1.0,gumbel
simulation,0.9960000000000002,0.996,0.996,1.0,1.0,1.0,0.9964008016032065,0.9964008016032064,0.9964008016032064,0.9964008016032065,0.9964008016032064,0.9964008016032064,5.200073878149851e-05,4.0831974774846455e-05,7.749999899715476e-05,0.0,0.0,1.0,WISER,16384,500,1.0,gumbel
simulation,0.9500743585909377,0.9398496240601504,0.9578544061302682,1.0,1.0,1.0,0.9616514933867737,0.9524168336673347,0.9690340681362726,0.9609974589178357,0.9514549098196392,0.9685931863727455,0.009965432691999376,0.009620530600886922,0.010472970499813527,0.0,0.0,1.0,Aligator,16384,500,1.0,gumbel
simulation,0.932123017608617,0.3665338645418327,0.9920318725099602,0.9214333333333334,1.0,0.9591103863435284,0.9763292921843687,0.8352064128256513,0.9940120240480962,0.9685154276553108,0.7740280561122244,0.9940120240480962,0.049182070193194885,0.047936572925164,0.051689618749105645,0.157,0.0,0.843,SeedBS_NOT,16384,500,1.0,gumbel
simulation,0.0,0.0,0.0,0.0,0.0,,0.4188376753507015,0.4188376753507014,0.4188376753507014,0.1693386773547094,0.1693386773547094,0.1693386773547094,0.000533263838194398,0.0005027069737934653,0.0005776722004611656,0.0,1.0,0.0,Waterseeker,16384,500,1.0,gumbel
simulation,0.9960000000000002,0.996,0.996,1.0,1.0,1.0,0.9964008016032065,0.9964008016032064,0.9964008016032064,0.9964008016032065,0.9964008016032064,0.9964008016032064,5.2059715600626076e-05,3.887499951815698e-05,8.45010495140741e-05,0.0,0.0,1.0,WISER,32768,500,1.0,gumbel
simulation,0.9444783534464405,0.9363295880149812,0.9578544061302682,1.0,1.0,1.0,0.9567101386773548,0.9488817635270541,0.9690340681362726,0.955892333466934,0.9477915831663327,0.9685931863727455,0.010127108803586816,0.009636240623967752,0.010655928499500077,0.0,0.0,1.0,Aligator,32768,500,1.0,gumbel
simulation,0.9525880815205583,0.5816733067729084,0.9920318725099602,0.9493,1.0,0.9739906633150361,0.9814258180360721,0.8742925851703407,0.9940120240480962,0.977531738677355,0.8313587174348698,0.9940120240480962,0.048794686434604224,0.047328665223994905,0.05114442739968581,0.1014,0.0,0.8986,SeedBS_NOT,32768,500,1.0,gumbel
simulation,0.0,0.0,0.0,0.0,0.0,,0.4188376753507015,0.4188376753507014,0.4188376753507014,0.1693386773547094,0.1693386773547094,0.1693386773547094,0.0005336753011928522,0.0005029169756198826,0.0005838843735091357,0.0,1.0,0.0,Waterseeker,32768,500,1.0,gumbel
simulation,0.9960000000000002,0.996,0.996,1.0,1.0,1.0,0.9964008016032065,0.9964008016032064,0.9964008016032064,0.9964008016032065,0.9964008016032064,0.9964008016032064,4.0543060000345575e-05,3.6375000490807e-05,5.3333002142608166e-05,0.0,0.0,1.0,WISER,65536,500,1.0,gumbel
simulation,0.9424104235278701,0.922509225092251,0.9578544061302682,0.9574,1.0,0.978236436088689,0.954172431262525,0.9349018036072144,0.9690340681362726,0.9532810597194388,0.9332184368737475,0.9685931863727455,0.009487629495028523,0.009043473951987836,0.009898752098706609,0.0852,0.0,0.9148,Aligator,65536,500,1.0,gumbel
simulation,0.9810690135458168,0.7928286852589641,0.9920318725099602,0.9816,1.0,0.9907145740815503,0.9905235703406815,0.9146533066132264,0.9940120240480962,0.9894383134268537,0.9044328657314629,0.9940120240480962,0.04446110427141903,0.04319466594961341,0.04628783887492318,0.0368,0.0,0.9632,SeedBS_NOT,65536,500,1.0,gumbel
simulation,0.0,0.0,0.0,0.0,0.0,,0.4188376753507015,0.4188376753507014,0.4188376753507014,0.1693386773547094,0.1693386773547094,0.1693386773547094,0.0005137299992238695,0.0004889149759037537,0.0005492520771440468,0.0,1.0,0.0,Waterseeker,65536,500,1.0,gumbel
