model_name,iou,iou_median,iou_lower,iou_upper,precision,recall,f1,rand_index,rand_index_median,rand_index_lower,rand_index_upper,modified_rand_index,modified_rand_index_median,modified_rand_index_lower,modified_rand_index_upper,time,time_lower,time_upper,khat_over,khat_under,khat_exact,kdiff,method,vocab_size,watermark_method,contam_level,prf_type
facebook-opt-125m,0.34592,0.342,0.04585,0.59635,0.975,0.39,0.5571428571428572,0.9380413226452905,0.9679478957915831,0.7187486973947895,0.9916713426853707,0.8054470140280562,0.834440881763527,0.5424841683366733,0.8523472945891784,0.0002516785198895377,0.00021407565054687439,0.00028841457615271795,0.0,1.0,0.0,3.0,Oracle,50272,gumbel,low,skipgram
facebook-opt-125m,0.32354,0.332,0.0,0.56015,0.96,0.36599999999999994,0.5299547511312217,0.9131933066132265,0.9671583166332666,0.20340681362725455,0.9916825651302605,0.7753759519038076,0.8307454909819639,2.7755575615628914e-17,0.8515875751503007,0.0001382258200283104,3.8378124463633875e-05,0.0001986976000807774,0.0,1.0,0.0,3.2046840717924128,WISER,50272,gumbel,low,skipgram
facebook-opt-125m,0.06951,0.06,0.0,0.19615000000000005,0.21597097488854453,0.306,0.2532214299080752,0.7755580761523047,0.8524088176352705,0.20340681362725455,0.9229939879759519,0.5918479358717436,0.6660320641282566,2.7755575615628914e-17,0.7665486973947895,0.01032169108495509,0.009897472925058538,0.011181788548037731,0.715,0.225,0.06,5.0551953473629485,Aligator,50272,gumbel,low,skipgram
facebook-opt-125m,0.25082,0.241,0.0,0.6351500000000003,0.6141666666666666,0.17299999999999996,0.2699576540334533,0.7273884168336673,0.762312625250501,0.20340681362725455,0.9228831663326653,0.585675871743487,0.6483567134268537,2.7755575615628914e-17,0.8015721442885773,0.07384544727989123,0.037276971877690815,0.07986171769834982,0.0,1.0,0.0,3.6742346141747673,SeedBS,50272,gumbel,low,skipgram
facebook-opt-125m,0.24588000000000002,0.252,0.0,0.34005,0.97,0.29100000000000004,0.44769230769230767,0.8091969939879761,0.7611462925851704,0.20340681362725455,0.9772350701402807,0.6621504208416834,0.6110300601202405,2.7755575615628914e-17,0.8394352705410822,0.0016637770749912306,0.0008193892483177479,0.0027333326247571677,0.0,1.0,0.0,3.588175023601831,WaterSeeker,50272,gumbel,low,skipgram
princeton-nlp-Sheared-LLaMA-1-3B,0.34275,0.342,0.196,0.5026000000000002,1.0,0.4,0.5714285714285715,0.9477066933867735,0.9617795591182365,0.7912549098196393,0.9885877755511022,0.8156748697394789,0.829442885771543,0.6458270541082164,0.8493637274549097,0.0002669110549140896,0.00022234309808482066,0.0006106798773544142,0.0,1.0,0.0,3.0,Oracle,32000,gumbel,low,skipgram
princeton-nlp-Sheared-LLaMA-1-3B,0.31714,0.33,0.17915,0.39420000000000005,0.98,0.37799999999999995,0.5455670103092783,0.9307078557114228,0.9629458917835672,0.6799074148296593,0.9890164328657315,0.7922734669338678,0.8275951903807616,0.516537274549098,0.8494791583166333,0.00013337584494365728,8.76409492775565e-05,0.00016700385149306387,0.0,1.0,0.0,3.132091952673165,WISER,32000,gumbel,low,skipgram
princeton-nlp-Sheared-LLaMA-1-3B,0.028820000000000002,0.01,0.0,0.21445000000000008,0.17210053957480426,0.179,0.17548247929893335,0.6473737875751503,0.6469819639278558,0.20340681362725455,0.9411923847695391,0.45205651302605204,0.4495911823647295,2.7755575615628914e-17,0.7906134268537074,0.010369875590022275,0.009832027423544786,0.011837756252498366,0.39,0.55,0.06,4.34856298103178,Aligator,32000,gumbel,low,skipgram
princeton-nlp-Sheared-LLaMA-1-3B,0.13581,0.0,0.0,0.5199000000000005,0.38916666666666666,0.10399999999999998,0.16413653261236902,0.6161553507014028,0.6562404809619238,0.20340681362725455,0.9000346693386774,0.4465335871743486,0.4575551102204408,2.7755575615628914e-17,0.788176352705411,0.07742524773007972,0.059494403498320025,0.0825265034516633,0.0,1.0,0.0,3.9918667312424145,SeedBS,32000,gumbel,low,skipgram
princeton-nlp-Sheared-LLaMA-1-3B,0.25759,0.269,0.168,0.35605,0.995,0.30700000000000005,0.46922427035330266,0.8310305010020039,0.8831743486973949,0.6735995991983968,0.9700991983967936,0.6864901002004008,0.7517955911823647,0.5121188376753507,0.8373735470941884,0.001693125630281429,0.0009025968760397518,0.002707945174097404,0.0,1.0,0.0,3.502142201567492,WaterSeeker,32000,gumbel,low,skipgram
facebook-opt-125m,0.3589,0.352,0.1617,0.5906500000000001,0.99,0.396,0.5657142857142856,0.9175939078156312,0.9390140280561122,0.7151599198396793,0.9795276553106212,0.7937317835671343,0.8158476953907816,0.5379833667334669,0.8454675350701403,0.00024868396496458445,0.00022381562357622897,0.00028794270192520347,0.0,1.0,0.0,3.0,Oracle,50272,gumbel,med,skipgram
facebook-opt-125m,0.31314,0.326,0.0,0.5221,0.955,0.355,0.5175954198473282,0.8784361923847694,0.9392424849699399,0.20340681362725455,0.981884368737475,0.7434862925851704,0.8132304609218437,2.7755575615628914e-17,0.8454675350701403,0.00012659606009037815,3.600899863158702e-05,0.00017389167469445966,0.0,1.0,0.0,3.2672618505409083,WISER,50272,gumbel,med,skipgram
facebook-opt-125m,0.01045,0.0,0.0,0.07815000000000004,0.1901955128205128,0.13,0.15443949510014915,0.5909426853707415,0.6056312625250501,0.20340681362725455,0.8847172344689379,0.3909193587174349,0.403254509018036,2.7755575615628914e-17,0.6948370741482968,0.01029345437513257,0.009886517050017574,0.011420909049866168,0.165,0.8,0.035,3.5014282800023193,Aligator,50272,gumbel,med,skipgram
facebook-opt-125m,0.14504,0.0,0.0,0.7403500000000001,0.3475,0.081,0.1313768961493582,0.5265171943887776,0.5602124248496994,0.20340681362725455,0.8530757515030061,0.3583434468937876,0.40327054108216426,2.7755575615628914e-17,0.7219380761523045,0.07846595021494068,0.049289842326015784,0.08314434832345796,0.0,1.0,0.0,4.191658383026938,SeedBS,50272,gumbel,med,skipgram
facebook-opt-125m,0.24735999999999997,0.251,0.14935,0.3521,0.98,0.28300000000000003,0.4391765637371339,0.7959509018036073,0.7573507014028056,0.5723054108216433,0.9704190380761523,0.6505684168336674,0.6010340681362725,0.41803486973947895,0.8335082164328657,0.0017408908348988917,0.000946225323878025,0.0029149725969546125,0.0,1.0,0.0,3.6242240548840243,WaterSeeker,50272,gumbel,med,skipgram
princeton-nlp-Sheared-LLaMA-1-3B,0.894,0.917,0.72565,0.96415,0.9775,0.39099999999999996,0.5585714285714285,0.5811312224448898,0.6266573146292584,0.3094545090180361,0.7247170340681363,0.5724540681362725,0.6185931863727455,0.30553747494989986,0.7121300601202405,0.0002578122349405021,0.00023845800023991615,0.00028480487453634855,0.0,1.0,0.0,3.0,Oracle,32000,gumbel,med,skipgram
princeton-nlp-Sheared-LLaMA-1-3B,0.8351499999999998,0.86,0.40270000000000006,0.998,0.995,0.29800000000000004,0.4586388244392885,0.5087909018036072,0.533503006012024,0.20581963927855706,0.8551609218436874,0.4879488977955912,0.5043366733466934,0.20581963927855706,0.8328699398797595,0.00010652309976649121,5.9693350249290236e-05,0.00018195519887740375,0.0,1.0,0.0,3.566510900025402,WISER,32000,gumbel,med,skipgram
princeton-nlp-Sheared-LLaMA-1-3B,0.00939,0.0,0.0,0.05025000000000006,0.14442038517038516,0.139,0.14165836043596722,0.5511856112224449,0.6254388777555111,0.20340681362725455,0.8577953907815631,0.35126797595190384,0.4220320641282565,2.7755575615628914e-17,0.6639735470941884,0.010274879155058442,0.009766615300850389,0.01104901425087519,0.245,0.67,0.085,4.41871021905714,Aligator,32000,gumbel,med,skipgram
princeton-nlp-Sheared-LLaMA-1-3B,0.03641,0.0,0.0,0.5288500000000003,0.0875,0.019,0.031220657276995304,0.36589567134268547,0.20340681362725455,0.20340681362725455,0.7817979959919841,0.17160505010020038,2.7755575615628914e-17,2.7755575615628914e-17,0.6557607214428861,0.0790768232949631,0.06727295000036974,0.08330083989858394,0.0,1.0,0.0,4.619523784980439,SeedBS,32000,gumbel,med,skipgram
princeton-nlp-Sheared-LLaMA-1-3B,0.28205,0.288,0.158,0.43220000000000003,1.0,0.35700000000000004,0.5261606484893148,0.7476190380761523,0.7742525050100201,0.4618783567134268,0.90632124248497,0.6230658917835671,0.6515711422845691,0.2971857715430862,0.8059613226452906,0.0015973681399555062,0.0006988940755945805,0.0029971419989124116,0.0,1.0,0.0,3.2764309850811753,WaterSeeker,32000,gumbel,med,skipgram
facebook-opt-125m,0.77346,0.822,0.1695,0.9380499999999999,0.985,0.39399999999999996,0.5628571428571427,0.6634627254509019,0.6902925851703408,0.41954468937875755,0.834867735470942,0.6353870941883768,0.6670501002004008,0.3928260521042084,0.7830899799599199,0.0002473024601022189,0.00022973749964876332,0.00027171210276719646,0.0,1.0,0.0,3.0,Oracle,50272,gumbel,high,skipgram
facebook-opt-125m,0.5362,0.561,0.0,0.92815,0.955,0.376,0.5395642374154771,0.7256119839679358,0.7894669338677355,0.20340681362725455,0.8925086172344691,0.6496644889779559,0.7230100200400802,2.7755575615628914e-17,0.8529204408817636,0.00012257186010174336,3.2413550070486966e-05,0.00018997667384610395,0.0,1.0,0.0,3.2171415884290826,WISER,50272,gumbel,high,skipgram
facebook-opt-125m,0.0002,0.0,0.0,0.002,0.03785714285714285,0.011000000000000001,0.017046783625730994,0.2819272545090181,0.20340681362725455,0.20340681362725455,0.6505723446893789,0.07860012024048096,2.7755575615628914e-17,2.7755575615628914e-17,0.4487170340681362,0.010375867480033775,0.009953205923557107,0.011206271473656671,0.01,0.99,0.0,4.6141087980237305,Aligator,50272,gumbel,high,skipgram
facebook-opt-125m,0.01764,0.0,0.0,0.2921,0.045,0.01,0.01636363636363636,0.2844949498997997,0.20340681362725455,0.20340681362725455,0.7026382765531063,0.08558392785571144,2.7755575615628914e-17,2.7755575615628914e-17,0.5858563126252505,0.08129417451000336,0.0669311090498013,0.08465664022396595,0.0,1.0,0.0,4.757625458146112,SeedBS,50272,gumbel,high,skipgram
facebook-opt-125m,0.27592,0.279,0.144,0.45420000000000005,0.99875,0.36,0.5292364305427782,0.7450119839679359,0.7653466933867736,0.465714629258517,0.8949609218436874,0.6189776753507015,0.6437114228456914,0.30114248496993984,0.7876917835671343,0.001529167119970225,0.0006985725232880214,0.0029228333230093997,0.0,1.0,0.0,3.2611347718240653,WaterSeeker,50272,gumbel,high,skipgram
princeton-nlp-Sheared-LLaMA-1-3B,0.7414400000000001,0.775,0.37275,0.93,0.9925,0.397,0.5671428571428573,0.6898512625250501,0.7062084168336673,0.4514885771543086,0.8524384769539078,0.6571711823647294,0.6819238476953908,0.40106893787575154,0.7805218436873748,0.0002496385550875857,0.0002315673738849,0.0002780534499834175,0.0,1.0,0.0,3.0,Oracle,32000,gumbel,high,skipgram
princeton-nlp-Sheared-LLaMA-1-3B,0.3991800000000001,0.387,0.0,0.8503000000000001,0.915,0.29700000000000004,0.4484405940594059,0.6968854509018035,0.7514909819639279,0.20340681362725455,0.8859947895791583,0.5912446492985972,0.6527935871743487,2.7755575615628914e-17,0.8317855711422847,0.0001074910449096933,2.5347925384267e-05,0.00017485832586316982,0.0,1.0,0.0,3.602082730865575,WISER,32000,gumbel,high,skipgram
princeton-nlp-Sheared-LLaMA-1-3B,0.00024,0.0,0.0,0.002,0.014583333333333332,0.006999999999999999,0.00945945945945946,0.2619159519038077,0.20340681362725455,0.20340681362725455,0.6541098196392786,0.05858120240480963,2.7755575615628914e-17,2.7755575615628914e-17,0.451397995991984,0.010316453164996346,0.009847236774930934,0.011537729175233836,0.005,0.995,0.0,4.773887304912004,Aligator,32000,gumbel,high,skipgram
princeton-nlp-Sheared-LLaMA-1-3B,0.00482,0.0,0.0,0.0,0.0125,0.0030000000000000005,0.004838709677419356,0.2529093787575151,0.20340681362725455,0.20340681362725455,0.6593222444889781,0.05070965931863729,2.7755575615628914e-17,2.7755575615628914e-17,0.4559154308617236,0.0825108033399556,0.07700422357493153,0.08499406144728709,0.0,1.0,0.0,4.873397172404482,SeedBS,32000,gumbel,high,skipgram
princeton-nlp-Sheared-LLaMA-1-3B,0.26688,0.27,0.15995,0.43405,0.9920833333333333,0.3340000000000001,0.49975114686105704,0.7333021643286574,0.7520480961923848,0.4996452905811623,0.8976763527054109,0.6032793186372746,0.6298837675350701,0.3354807615230461,0.7919170340681362,0.0015943416850132052,0.0006517940733829164,0.0030209506495339155,0.0,1.0,0.0,3.3896902513356584,WaterSeeker,32000,gumbel,high,skipgram
