model_name,iou,iou_median,iou_lower,iou_upper,precision,recall,f1,rand_index,rand_index_median,rand_index_lower,rand_index_upper,modified_rand_index,modified_rand_index_median,modified_rand_index_lower,modified_rand_index_upper,time,time_lower,time_upper,khat_over,khat_under,khat_exact,kdiff,method,vocab_size,watermark_method
facebook/opt-125m,0.9533379779160902,0.9821958456973294,0.6813102208707195,0.9930071674832154,0.991,0.991,0.991,0.9920131700680273,0.9975631852741096,0.9198202160864346,0.9989494757903161,0.9909885778311325,0.9975566226490595,0.9094054261704682,0.9989482032813126,0.0059049591799703195,0.0028299208506268768,0.008925696475034784,0.0,0.0,1.0,0.0,Oracle,50272,gumbel
facebook/opt-125m,0.9310771905540919,0.978,0.5429000953317246,0.9920483300099701,0.929478452103452,0.9840000000000001,0.9559624733316293,0.9838273133253301,0.9967036414565826,0.8610621928771508,0.9987787034813926,0.982221706282513,0.9966844337735095,0.8465518367346939,0.9987771348539416,0.00018669312496967904,0.00013873959969714633,0.0002879697759908595,0.285,0.035,0.68,1.3095800853708794,WISER,50272,gumbel
facebook/opt-125m,0.742629659805086,0.687375498007968,0.5188306331006979,0.9900741804437434,0.875,0.875,0.875,0.9134527154861946,0.8729603841536615,0.8618167266906762,0.9986984073629452,0.9027655094037615,0.858586474589836,0.8473177110844337,0.998696830732293,0.004092826610030897,0.0038342711508448702,0.004438870826015772,0.0,0.0,1.0,0.0,Kadane_6,50272,gumbel
facebook/opt-125m,0.8016438362026723,0.7924528301886793,0.5372670375656317,0.985192266647695,0.6628571428571428,0.9280000000000002,0.7733333333333334,0.9440036846738695,0.9623081232492997,0.8608681392557023,0.9951321168467386,0.9368683505402161,0.9562561024409765,0.846452356942777,0.9951060264105642,0.007465581229998861,0.005132711449778071,0.04827375834997838,1.0,0.0,0.0,2.0,Kadane_8,50272,gumbel
facebook/opt-125m,0.825256028101411,0.884443262794802,0.5340399822143346,0.9790862565594906,0.5277777777777777,0.95,0.6785714285714285,0.9532392909163664,0.9690232893157262,0.8618559023609443,0.9923920688275311,0.9475725138055222,0.9673603841536615,0.8461643137254902,0.9923567827130853,0.00933419317500011,0.006412668350048989,0.05257292742548998,1.0,0.0,0.0,4.0,Kadane_10,50272,gumbel
facebook/opt-125m,0.8423777603521274,0.9048287180176547,0.6047820693392646,0.9655718251661211,0.34892857142857137,0.9770000000000002,0.5142105263157895,0.9526635774309723,0.9577600640256102,0.8739724289715887,0.9789877230892358,0.9486094005602241,0.9563186874749899,0.85876393757503,0.9789456902761104,0.014987516035034787,0.009799334700164763,0.058908887173583946,1.0,0.0,0.0,9.0,Kadane_15,50272,gumbel
facebook/opt-125m,0.8423097611373008,0.8780727630285152,0.593333559181711,0.9531746312398576,0.2552631578947368,0.9700000000000002,0.4041666666666666,0.946779012404962,0.9480484993997599,0.9128662665066026,0.9693963025210085,0.9440611204481791,0.9457635854341737,0.9040582633053221,0.9667590476190477,0.021023704984963844,0.013101252799469876,0.06430626457486142,1.0,0.0,0.0,14.0,Kadane_20,50272,gumbel
google/gemma-3-270m,0.942924681736786,0.9773286838034683,0.5049683830171635,0.9930143199656465,0.991,0.991,0.991,0.9912362657062826,0.9966242496998801,0.9360089635854342,0.9989954381752701,0.9904263737494997,0.9966026410564226,0.9277438975590236,0.9989941576630653,0.005688457444966844,0.0028211794747221575,0.008640065624331329,0.0,0.0,1.0,0.0,Oracle,262144,gumbel
google/gemma-3-270m,0.9097110740811252,0.977,0.0,0.9910599601593626,0.8580350899100899,0.96,0.9061581824082643,0.9578792525010005,0.9954804321728692,0.11164465786314526,0.9987870988395358,0.955812587434974,0.9954410564225691,0.07579031612645058,0.9987805202080832,0.00018042313005935283,5.402012648119126e-05,0.00027492187527968783,0.4,0.045,0.555,1.7776388834631178,WISER,262144,gumbel
google/gemma-3-270m,0.7184150751709086,0.6839764411223732,0.32176121930567314,0.9890219560878244,0.852,0.852,0.852,0.9090858103241297,0.8727692677070829,0.8539652661064425,0.9984875230092037,0.8975858279311724,0.8580533013205283,0.837666906762705,0.998479943977591,0.004054524339971976,0.0035543455246170195,0.0044083729246267465,0.0,0.0,1.0,0.0,Kadane_6,262144,gumbel
google/gemma-3-270m,0.774588266392788,0.7192156624554584,0.36363636363636365,0.9850704850622263,0.655,0.917,0.7641666666666667,0.9400122416966787,0.9549206882753101,0.8613996958783513,0.9943144377751101,0.9319577591036414,0.9481557422969188,0.8463824329731893,0.9942634333733493,0.007623738375004904,0.004917755923452205,0.05011977045014646,1.0,0.0,0.0,2.0,Kadane_8,262144,gumbel
google/gemma-3-270m,0.7890452133328687,0.8121585507737543,0.3794238683127572,0.9783835557468791,0.5172222222222221,0.931,0.6649999999999998,0.9458972100840336,0.9612813125250099,0.859385818327331,0.9868330212084834,0.9390189195678272,0.9567823929571829,0.8442626010404162,0.986618743497399,0.008953878979928049,0.006148898223682408,0.05031142775083027,1.0,0.0,0.0,4.0,Kadane_10,262144,gumbel
google/gemma-3-270m,0.8087068023733494,0.8808243968989146,0.36233040702314445,0.9638718033827859,0.34535714285714286,0.9670000000000001,0.5089473684210526,0.9482552765106044,0.9545746298519409,0.882993837535014,0.9762478191276511,0.9434054293717488,0.9535206082432973,0.8679337334933974,0.9761637294917968,0.014487863549993563,0.009065608001583314,0.05548119582413165,1.0,0.0,0.0,9.0,Kadane_15,262144,gumbel
google/gemma-3-270m,0.8306855505859579,0.868319203050139,0.4350547730829421,0.9430347360183011,0.2578947368421052,0.98,0.40833333333333327,0.9460218183273309,0.9469096438575431,0.9232983593437375,0.964292012805122,0.9435913661464587,0.9458500200080032,0.9132004801920769,0.9639787274909964,0.018516233109912718,0.01258805072566247,0.05982961322524716,1.0,0.0,0.0,14.0,Kadane_20,262144,gumbel
facebook/opt-1.3b,0.9654104008883226,0.9782393669634025,0.8668286723494855,0.9900304062935571,0.9969999999999999,0.9969999999999999,0.9969999999999999,0.9949815926370549,0.9969591036414567,0.9837403041216487,0.9986813925570228,0.9946551068427371,0.9969368547418969,0.981786986794718,0.9986769107643058,0.00517787354497159,0.0030245593749896214,0.008177995200912846,0.0,0.0,1.0,0.0,Oracle,50272,gumbel
facebook/opt-1.3b,0.9512823789139947,0.9731208957620181,0.8308326404134788,0.9900199600798403,0.8970654761904763,0.992,0.9421472824494348,0.9881325954381752,0.9952645058023208,0.9728683073229292,0.9987726290516207,0.9875843745498198,0.9951767907162865,0.970458575430172,0.9987710284113646,0.00018706645490055963,0.0001395468758801144,0.0002822170004037617,0.425,0.005,0.57,1.3416407864998738,WISER,50272,gumbel
facebook/opt-1.3b,0.7297957853358554,0.6830110158398082,0.5833161213122164,0.9850168469701273,0.8520000000000002,0.8520000000000002,0.8520000000000002,0.9055175174069628,0.8721440576230493,0.8661119647859143,0.9979101080432173,0.8942614421768706,0.8577775110044018,0.8512864425770308,0.9979044337735095,0.004131332695023957,0.0038605288505095814,0.004543170825036214,0.0,0.0,1.0,0.0,Kadane_6,50272,gumbel
facebook/opt-1.3b,0.8027863756898884,0.7966269841269842,0.6105422281418793,0.9841437403522975,0.6585714285714286,0.922,0.7683333333333334,0.9426957214885954,0.9626288915566226,0.8624966786714686,0.9950627130852341,0.9357013989595838,0.9583012404961986,0.8480723489395758,0.9950432973189276,0.007916350819969012,0.005222773301147754,0.0497239746737705,1.0,0.0,0.0,2.0,Kadane_8,50272,gumbel
facebook/opt-1.3b,0.8256518461506002,0.8805394990366089,0.5990147783251232,0.9791115242002288,0.5238888888888888,0.9430000000000001,0.6735714285714286,0.9504866106442578,0.9669576630652261,0.8596856342537015,0.9912849699879952,0.9451518943577432,0.9655183673469387,0.8448536214485795,0.9908642737094838,0.009385780034954223,0.006550018425514281,0.05330445312488337,1.0,0.0,0.0,4.0,Kadane_10,50272,gumbel
facebook/opt-1.3b,0.849592910046823,0.9065510597302505,0.6205194323659285,0.9599645003793111,0.34642857142857136,0.97,0.5105263157894736,0.9519444945978393,0.9567639855942377,0.8843847138855542,0.978463081232493,0.9486004337735093,0.9559502200880352,0.8697587755102041,0.9782666586634653,0.01536568918500052,0.010096627074699428,0.06046260487346444,1.0,0.0,0.0,9.0,Kadane_15,50272,gumbel
facebook/opt-1.3b,0.8498911271543085,0.872506052534866,0.6516127962839476,0.9478288630733749,0.25578947368421046,0.972,0.4049999999999999,0.946004331332533,0.9467436574629853,0.9221872589035615,0.966424649859944,0.9440691988795519,0.9460917166866746,0.9154709483793517,0.9663255702280913,0.019195608564969005,0.013603627750762825,0.06301842852512891,1.0,0.0,0.0,14.0,Kadane_20,50272,gumbel
princeton-nlp/Sheared-LLaMA-1.3B,0.959873406703941,0.9762728099068545,0.7814105878915336,0.9900351893615367,0.99,0.99,0.99,0.9940228363345338,0.9967188475390156,0.9683814245698279,0.9985509323729491,0.9935794173669469,0.9966917967186875,0.9629458023209283,0.9985496598639456,0.005547244990066247,0.002990912898485476,0.008609274674745395,0.0,0.0,1.0,0.0,Oracle,32000,gumbel
princeton-nlp/Sheared-LLaMA-1.3B,0.9471219848559085,0.9700309381237524,0.7696236540378864,0.9910337662337663,0.8941448412698412,0.9880000000000001,0.9387323268687257,0.9908434861944778,0.9954618647458984,0.9528051220488195,0.9988048739495798,0.9902222184873949,0.9952102440976389,0.9462092036814725,0.9988039135654262,0.00018447044001732138,0.00013921249983468443,0.0002701058754155384,0.435,0.035,0.53,1.2786711852544421,WISER,32000,gumbel
princeton-nlp/Sheared-LLaMA-1.3B,0.7205122095190144,0.6803196803196803,0.4891031950333131,0.9851125762905086,0.8460000000000001,0.8460000000000001,0.8460000000000001,0.9037541208483393,0.8721090036014405,0.8595681472589036,0.99785899959984,0.8922267082833133,0.8576897959183674,0.8388203281312525,0.9978554861944778,0.004309261679973133,0.003942819475105353,0.004817664600204807,0.0,0.0,1.0,0.0,Kadane_6,32000,gumbel
princeton-nlp/Sheared-LLaMA-1.3B,0.7865935070985901,0.7712513198283562,0.5933901197604791,0.9811708702703339,0.6457142857142856,0.904,0.7533333333333333,0.9380688339335734,0.9605432573029211,0.8616629211684673,0.9971790316126451,0.9304110444177671,0.9556613045218088,0.8465696678671468,0.9971332533013205,0.007691677274988251,0.005216471550193091,0.04860778647639563,1.0,0.0,0.0,2.0,Kadane_8,32000,gumbel
princeton-nlp/Sheared-LLaMA-1.3B,0.8085673094483715,0.8586964906267972,0.561859877865676,0.9724681565539602,0.5161111111111111,0.929,0.6635714285714285,0.947818631452581,0.9669213285314127,0.8609268667466987,0.9916895078031213,0.9416481456582634,0.9656041616646659,0.845823881552621,0.9915638015206083,0.00944590016989423,0.006600849999131242,0.0502900972491716,1.0,0.0,0.0,4.0,Kadane_10,32000,gumbel
princeton-nlp/Sheared-LLaMA-1.3B,0.8255727139630474,0.8679314127727178,0.6055500495540139,0.9597502753005482,0.34357142857142864,0.9620000000000002,0.5063157894736843,0.952527943977591,0.9572593837535014,0.8973100600240096,0.9803147979191678,0.9482172501000399,0.9562048819527811,0.8828546458583434,0.9796679951980791,0.015732900384909952,0.010208526674387031,0.06020250032474906,1.0,0.0,0.0,9.0,Kadane_15,32000,gumbel
princeton-nlp/Sheared-LLaMA-1.3B,0.8413300735419965,0.8659321686445118,0.6111111111111112,0.941042416635089,0.2560526315789473,0.9730000000000001,0.4054166666666666,0.9466713981592636,0.9474146458583433,0.9199716846738696,0.9645671948779512,0.9444911900760303,0.9463583833533413,0.9072880592236895,0.9635517567026811,0.02039714243990602,0.013842692000616807,0.0630208007258716,1.0,0.0,0.0,14.0,Kadane_20,32000,gumbel
mistralai/Mistral-7B-v0.1,0.949225378300413,0.9739447568512488,0.7088939232048252,0.9900836001952358,0.996,0.996,0.996,0.9928050708283314,0.9964035214085634,0.956987362945178,0.9987329651860745,0.992112744297719,0.9963895958383353,0.9484708683473388,0.9987317086834735,0.00627459393488607,0.0030654135491658963,0.009706464924875232,0.0,0.0,1.0,0.0,Oracle,32000,gumbel
mistralai/Mistral-7B-v0.1,0.9129056394931743,0.938061876247505,0.6258278443113773,0.991025,0.8356036324786325,0.9940000000000001,0.9079453013093653,0.9880759455782314,0.9920220888355342,0.9522376870748299,0.9988540376150461,0.9869222761104441,0.9916440176070429,0.9432006642657064,0.9988527571028413,0.00021210796504419704,0.00015152012579164876,0.000345248575331425,0.58,0.02,0.4,2.0124611797498106,WISER,32000,gumbel
mistralai/Mistral-7B-v0.1,0.6977030250258077,0.6714713423942849,0.5148685833319716,0.9803580909680845,0.856,0.856,0.856,0.899212086434574,0.8716382553021209,0.8610085954381753,0.9976486274509804,0.8872746106442577,0.8571351740696278,0.8452909803921569,0.9976325010004001,0.004639830434944088,0.003988455925218659,0.005691463549374021,0.0,0.0,1.0,0.0,Kadane_6,32000,gumbel
mistralai/Mistral-7B-v0.1,0.7254480581408913,0.6712780514504653,0.5236744301288404,0.9801587301587301,0.6392857142857142,0.8950000000000001,0.7458333333333335,0.9214699415766308,0.9278738695478191,0.8593052741096439,0.9945348379351742,0.9117182472989197,0.9121102841136455,0.8433723409363746,0.9945213525410165,0.008212127484930533,0.00530708892642906,0.05287717009950939,1.0,0.0,0.0,2.0,Kadane_8,32000,gumbel
mistralai/Mistral-7B-v0.1,0.7540348782499078,0.7232314395498833,0.5201894322114603,0.9704679802955666,0.5133333333333333,0.924,0.66,0.9363589947979192,0.956020968387355,0.8576418407362945,0.9910555982392958,0.9285677294917966,0.9495415766306522,0.8422116126450581,0.9908556382553021,0.010599404555014189,0.006572839249520257,0.06480641667485545,1.0,0.0,0.0,4.0,Kadane_10,32000,gumbel
mistralai/Mistral-7B-v0.1,0.7915412665118501,0.8398405158434918,0.5060006642801786,0.959887466010667,0.3407142857142857,0.9540000000000001,0.5021052631578947,0.9487057206882753,0.9584665866346539,0.8602249539815926,0.982901568627451,0.9435517342937174,0.9567361344537815,0.8446670668267308,0.9823235774309724,0.016159839130004912,0.010194002751313746,0.05886193644910237,1.0,0.0,0.0,9.0,Kadane_15,32000,gumbel
mistralai/Mistral-7B-v0.1,0.8148705838098803,0.836378190353263,0.5549237588652483,0.9368775789017435,0.25763157894736843,0.9790000000000001,0.40791666666666665,0.9509544665866346,0.9502468187274911,0.9304166946778711,0.9735671628651461,0.9483805154061625,0.9482753101240495,0.9195294597839135,0.9716125650260105,0.021237943745072697,0.014049610750271313,0.07272753717420528,1.0,0.0,0.0,14.0,Kadane_20,32000,gumbel
meta-llama/Meta-Llama-3-8B,0.9768297044255195,0.9860209650628813,0.9226072530910263,0.996003996003996,1.0,1.0,1.0,0.9976806178471389,0.9982973989595838,0.9930229611844739,0.9994110044017607,0.997560024009604,0.9982917967186875,0.9927694117647059,0.9994100680272109,0.008034398950003378,0.003121959375039296,0.05603660207525537,0.0,0.0,1.0,0.0,Oracle,128256,gumbel
meta-llama/Meta-Llama-3-8B,0.9614335267957692,0.9704999999999999,0.882775,0.994005994005994,0.9825,1.0,0.991172761664565,0.9967289555822331,0.9974165666266506,0.9914774309723889,0.9991699079631853,0.9964983337334934,0.9973509403761505,0.9910878191276511,0.9991695878351341,0.0001807501950952428,0.00014767467541787482,0.00025114687541645254,0.105,0.0,0.895,0.324037034920393,WISER,128256,gumbel
meta-llama/Meta-Llama-3-8B,0.682836618674937,0.672318407960199,0.57695,0.9890219560878244,0.815,0.815,0.815,0.8817817094837934,0.8722946778711484,0.866579911964786,0.9985207603041216,0.8682219703881552,0.8578397759103642,0.8512224649859943,0.998499799919968,0.005024200619982366,0.003991902400366598,0.005358130851163878,0.0,0.0,1.0,0.0,Kadane_6,128256,gumbel
meta-llama/Meta-Llama-3-8B,0.6977653259800448,0.6636683316683316,0.56985,0.9820798124383021,0.5942857142857142,0.8320000000000001,0.6933333333333334,0.8908646722689076,0.8709496598639457,0.8640399759903962,0.9974130292116847,0.878424430572229,0.8563439775910364,0.8491642657062826,0.9968212965186074,0.009098814805120127,0.005349173949525721,0.052737172200477314,1.0,0.0,0.0,2.0,Kadane_8,128256,gumbel
meta-llama/Meta-Llama-3-8B,0.7110253101099877,0.6625139165009941,0.5737,0.9810264465131722,0.4705555555555556,0.847,0.605,0.8991828635454181,0.8707575830332133,0.8627819047619047,0.9968680832332933,0.8876911404561825,0.8560004801920769,0.8480230732292917,0.9962713165266106,0.011805289214971709,0.0069269142490611555,0.05759785657419343,1.0,0.0,0.0,4.0,Kadane_10,128256,gumbel
meta-llama/Meta-Llama-3-8B,0.7310603618070618,0.6645299166164582,0.5653036764230793,0.9750534294234592,0.30999999999999994,0.8680000000000001,0.4568421052631579,0.9140539415766307,0.8990922769107643,0.858405394157663,0.9896644657863146,0.9040000960384154,0.8845770308123249,0.8438104841936775,0.9888168627450981,0.018028003564968458,0.01063938157440134,0.060754087176383115,1.0,0.0,0.0,9.0,Kadane_15,128256,gumbel
meta-llama/Meta-Llama-3-8B,0.8598116175239895,0.8857197224544163,0.5769473796393039,0.9680872754491019,0.25499999999999995,0.9690000000000001,0.40375,0.9516247474989996,0.9573232492997199,0.8615898119247699,0.9839053621448579,0.9490524305722289,0.9571102040816326,0.8467325490196078,0.9827629211684674,0.02420109290491382,0.014773866350833487,0.0630061277994173,1.0,0.0,0.0,14.0,Kadane_20,128256,gumbel
facebook/opt-125m,0.9177097570672342,0.9707030970602961,0.5443113409481769,0.9900009960159363,0.9840000000000001,0.9840000000000001,0.9840000000000001,0.98572662505002,0.996275150060024,0.8971887394957982,0.9987551420568227,0.9830692501000401,0.996202480992397,0.8542569267707082,0.9987471948779513,0.0052520125649698456,0.00302531490065121,0.00858322987628526,0.0,0.0,1.0,0.0,Oracle,50272,inverse
facebook/opt-125m,0.8780716889856524,0.936269915651359,0.3353949096662591,0.971664269703809,0.7257855339105339,0.965,0.8284705850348554,0.9599776838735494,0.9834367346938775,0.6718432252901161,0.9947484433773509,0.9576546554621848,0.983340856342537,0.6473964865946378,0.9947276990796318,0.0002285320899773069,0.0001487076744524529,0.00032951874964055606,0.775,0.055,0.17,2.6201145013147804,WISER,50272,inverse
facebook/opt-125m,0.33943157740415975,0.34330554193231977,0.16388665195259683,0.4657661853749418,0.529,0.529,0.529,0.7976135526210484,0.8173904761904762,0.6551609443777511,0.8813962545018008,0.7402638511404561,0.7595947178871549,0.589917631052421,0.82085768707483,0.007449542494987327,0.0043850687507529075,0.04821490312524475,0.0,0.0,1.0,0.0,Kadane_6,50272,inverse
facebook/opt-125m,0.352670532790411,0.3527337084586008,0.23807014902905313,0.483378068294331,0.45214285714285707,0.6329999999999999,0.5274999999999999,0.8413003825530212,0.8484286514605843,0.722596006402561,0.9010768787515007,0.7930883841536616,0.8046823529411764,0.6816005922368948,0.853303481392557,0.011405009349973625,0.005882081251729687,0.052161697900464786,1.0,0.0,0.0,2.0,Kadane_8,50272,inverse
facebook/opt-125m,0.36060195069407724,0.3522012801519737,0.2514676130105411,0.49390692879758485,0.395,0.711,0.5078571428571429,0.8689622280912366,0.8749061224489796,0.7988151420568227,0.9098865386154462,0.827976787515006,0.8350077631052422,0.743696694677871,0.8677935254101642,0.014855008724971412,0.007687604875354736,0.055525717000500664,1.0,0.0,0.0,4.0,Kadane_10,50272,inverse
facebook/opt-125m,0.36410156537884075,0.352457065996827,0.30311257002695224,0.5097037764536932,0.2810714285714285,0.787,0.4142105263157894,0.8955916974789916,0.8978356142456982,0.8610924609843937,0.9203253541416567,0.8641343785514206,0.8672483393357343,0.8128431532613045,0.8938489395758304,0.02311763893995703,0.011891302798949255,0.06695687187420844,1.0,0.0,0.0,9.0,Kadane_15,50272,inverse
facebook/opt-125m,0.40911638346906853,0.402383492048335,0.32620974170032313,0.5120327700972862,0.21368421052631575,0.812,0.3383333333333333,0.9083209267707083,0.9095217286914765,0.8894287474989996,0.9225066026410564,0.8882800800320129,0.8897930372148859,0.861368587434974,0.9066064825930372,0.03223358809002093,0.016231862101312798,0.07580480937508582,1.0,0.0,0.0,14.0,Kadane_20,50272,inverse
google/gemma-3-270m,0.814607245347466,0.9047604669887279,0.20651162790697675,0.9764692489639647,0.9580000000000001,0.9580000000000001,0.9580000000000001,0.9659572468987595,0.9866130452180872,0.8213496598639456,0.9968343417366946,0.9613137366946779,0.9860845138055222,0.7963306922769108,0.996753637454982,0.005368004190022475,0.0029960441487219213,0.009052064574825635,0.0,0.0,1.0,0.0,Oracle,262144,inverse
google/gemma-3-270m,0.6819905971136428,0.7230220132380112,0.0,0.9840962163526776,0.5802028665778665,0.86,0.6929224720161844,0.8697368707482994,0.9525338135254102,0.11164465786314526,0.9894922609043618,0.859365056422569,0.945604481792717,0.07579031612645058,0.9894880672268909,0.00023040393508381386,5.506320003405563e-05,0.0003291340508894791,0.755,0.13,0.115,4.065710270051224,WISER,262144,inverse
google/gemma-3-270m,0.5967789165394821,0.6455638951314701,0.047151277013752456,0.9305084745762713,0.8190000000000001,0.8190000000000001,0.819,0.8958621112444979,0.8838820328131252,0.8244339335734293,0.9896644097639056,0.8805820344137655,0.8644598639455782,0.8063052661064426,0.9894366706682673,0.004627823765003996,0.003924342700793204,0.005248758725474545,0.0,0.0,1.0,0.0,Kadane_6,262144,inverse
google/gemma-3-270m,0.60373319404006,0.6305923213640043,0.05697445972495088,0.9210888741461497,0.612142857142857,0.8570000000000002,0.7141666666666666,0.9183006322529012,0.9222274509803922,0.8597497719087636,0.9827341656662666,0.9043420136054422,0.9068614645858344,0.8371934373749499,0.9822138855542217,0.008675391875003697,0.005182886850434443,0.05435083924994615,1.0,0.0,0.0,2.0,Kadane_8,262144,inverse
google/gemma-3-270m,0.6102926452919434,0.6238225653515337,0.05603864734299517,0.8965436219859996,0.4933333333333333,0.8880000000000001,0.6342857142857142,0.9306033757503002,0.9360164865946379,0.8678216966786715,0.9750349019607842,0.9178670476190476,0.9202271308523409,0.8373141256502601,0.9736382553021209,0.010335331649985164,0.0065627687483811314,0.05488720272505816,1.0,0.0,0.0,4.0,Kadane_10,262144,inverse
google/gemma-3-270m,0.6127859811316135,0.612546711088209,0.0683111954459203,0.8594242323768186,0.3296428571428571,0.9230000000000002,0.48578947368421044,0.9349489331732692,0.9366972388955582,0.8814946778711484,0.9577079871948779,0.9239580600240096,0.9264888355342137,0.8498772308923569,0.9561919567827131,0.016908742260038707,0.010480008998820267,0.0650027104250512,1.0,0.0,0.0,9.0,Kadane_15,262144,inverse
google/gemma-3-270m,0.6199053297748909,0.642275093917803,0.09023255813953489,0.842228835978836,0.23657894736842103,0.899,0.3745833333333333,0.9297512396958783,0.930599599839936,0.9079831292517007,0.9501702521008404,0.9218415990396158,0.9237599039615846,0.8837115646258503,0.9487245458183273,0.023616465854975104,0.013950695524590629,0.06710018157646118,1.0,0.0,0.0,14.0,Kadane_20,262144,inverse
facebook/opt-1.3b,0.9242882660252115,0.9612397277766928,0.4885937156668864,0.9881071532176063,0.988,0.988,0.988,0.9883822344937976,0.9952128051220488,0.9342860904361745,0.9985878831532613,0.9865776230492197,0.9951654261704681,0.914688755502201,0.9985843537414966,0.005598002490041836,0.0031361705008748687,0.00934784687501633,0.0,0.0,1.0,0.0,Oracle,50272,inverse
facebook/opt-1.3b,0.8815367471694725,0.9236737075504726,0.3763233878729548,0.9745122931985294,0.6250426101676102,0.97,0.7602196054171514,0.9630060344137655,0.9787479791916767,0.8045276910764306,0.9928393277310925,0.9612152092837135,0.9785803921568628,0.7880256902761106,0.992781368547419,0.000277362679998987,0.00016282957476505545,0.00048556385017946014,0.92,0.04,0.04,4.028647415696738,WISER,50272,inverse
facebook/opt-1.3b,0.33057535853428704,0.34313733735518487,0.16009643477980748,0.4625200727895262,0.523,0.523,0.523,0.7886193661464586,0.8057101240496198,0.5852827531012406,0.8738812885154061,0.7322680176070429,0.7459559823929571,0.5062030732292917,0.82388200080032,0.007464089385020998,0.004228868026530108,0.04672948717570762,0.0,0.0,1.0,0.0,Kadane_6,50272,inverse
facebook/opt-1.3b,0.3520229036871859,0.3494029892454231,0.23354353423612437,0.47616540871838564,0.45785714285714285,0.6409999999999999,0.5341666666666667,0.8407387547018809,0.8532734693877551,0.7285082673069228,0.9080185674269707,0.7921576406562625,0.8075268507402962,0.655442480992397,0.8591683393357342,0.012045598120012073,0.006204296875466753,0.05609874062597555,1.0,0.0,0.0,2.0,Kadane_8,50272,inverse
facebook/opt-1.3b,0.3588164350675885,0.35177270347712397,0.2477807485955624,0.48810880244605787,0.39388888888888884,0.709,0.5064285714285713,0.8657847442977191,0.8704565026010405,0.7765934293717487,0.9129829771908764,0.8243037342937174,0.8319732693077231,0.740235382152861,0.8696723169267707,0.015239651854999465,0.007818378124420633,0.05793814760086207,1.0,0.0,0.0,4.0,Kadane_10,50272,inverse
facebook/opt-1.3b,0.3703281338823249,0.3537628280804954,0.30562602063451605,0.5077060575233371,0.28678571428571425,0.8030000000000002,0.42263157894736847,0.8954449475790315,0.8976990796318527,0.8431372549019608,0.9214998559423769,0.8646750572228892,0.867280032012805,0.804206162464986,0.8991303641456583,0.024454998720029833,0.01170900937490842,0.0696600228987336,1.0,0.0,0.0,9.0,Kadane_15,50272,inverse
facebook/opt-1.3b,0.4031288171634653,0.39714537990846116,0.34510849092141943,0.5020269615414903,0.21157894736842103,0.804,0.33499999999999996,0.9071943561424569,0.9072284913965586,0.8851411604641857,0.924753237294918,0.8864504297719088,0.8875322929171667,0.8649294037615046,0.9084064905962385,0.03333238410500598,0.01751249934891348,0.07482642435084016,1.0,0.0,0.0,14.0,Kadane_20,50272,inverse
princeton-nlp/Sheared-LLaMA-1.3B,0.9209616114775341,0.9539441339709244,0.6669950738916256,0.9852923282240497,0.9870000000000002,0.9870000000000002,0.9870000000000002,0.9890710972388956,0.9939646258503401,0.941259399759904,0.9983908043217288,0.9880764609843937,0.9938804321728691,0.9333030332132853,0.998381768707483,0.005368153729987171,0.0029722482507168026,0.008590586800301031,0.0,0.0,1.0,0.0,Oracle,32000,inverse
princeton-nlp/Sheared-LLaMA-1.3B,0.8443685270938837,0.8722920604641036,0.5434716707952991,0.9620326545587966,0.4817031265303324,0.956,0.6406165229317696,0.9613817238895558,0.968746218487395,0.8678898359343737,0.9854640256102442,0.9592817607042816,0.9680083233293317,0.8577569347739096,0.985103393357343,0.00030525941005180355,0.00018713790059337042,0.00047052742374944503,0.975,0.01,0.015,6.085638832530238,WISER,32000,inverse
princeton-nlp/Sheared-LLaMA-1.3B,0.5595582800717737,0.5711936140576449,0.40301287258517277,0.7012223092301219,0.7809999999999999,0.7809999999999999,0.7809999999999999,0.8860088467386954,0.8824438575430171,0.8446692917166867,0.9398305722288917,0.8681370756302522,0.8647228491396559,0.8215990396158463,0.9244397919167668,0.005270789125079318,0.004291775001047426,0.006171343750247617,0.0,0.0,1.0,0.0,Kadane_6,32000,inverse
princeton-nlp/Sheared-LLaMA-1.3B,0.5381186019315524,0.5403633525249921,0.3926123079257669,0.7481161106603181,0.5714285714285713,0.8,0.6666666666666665,0.9081391676670668,0.9089194077631053,0.8604738535414166,0.9565329891956782,0.8906398191276511,0.8913749499799921,0.8420405522208884,0.9544549819927971,0.011811787904971425,0.0056329770749471205,0.06032454614860399,1.0,0.0,0.0,2.0,Kadane_8,32000,inverse
princeton-nlp/Sheared-LLaMA-1.3B,0.5308343610189001,0.526872329500651,0.39906359292205185,0.7614959101449927,0.45277777777777783,0.8150000000000002,0.5821428571428573,0.9166195086034414,0.9159715086034415,0.8740474429771908,0.9616118607442977,0.8998651780712286,0.8982508203281312,0.8543710524209684,0.9593766786714687,0.011493378310078697,0.007269134700163704,0.059746310100581485,1.0,0.0,0.0,4.0,Kadane_10,32000,inverse
princeton-nlp/Sheared-LLaMA-1.3B,0.5132841883421889,0.5,0.3707782672540382,0.7416232315711094,0.2971428571428571,0.8320000000000001,0.4378947368421052,0.9211268619447779,0.9224651460584234,0.8966219207683074,0.9420374309723889,0.9053652020808323,0.9051020408163265,0.8793347579031613,0.9400286274509805,0.022857086305039048,0.011239044799640396,0.07631014894946021,1.0,0.0,0.0,9.0,Kadane_15,32000,inverse
princeton-nlp/Sheared-LLaMA-1.3B,0.5703478523401041,0.5651046472228738,0.43334041492154823,0.6898774138452011,0.21894736842105256,0.8320000000000001,0.34666666666666657,0.9241221528611444,0.9243995198079231,0.9084894837935173,0.9374880512204882,0.9160657575030012,0.9171417366946779,0.895658487394958,0.9351367987194877,0.02706094977505927,0.015451952724924922,0.07049851145120557,1.0,0.0,0.0,14.0,Kadane_20,32000,inverse
mistralai/Mistral-7B-v0.1,0.9407466106446859,0.9562087156224064,0.7812389304934652,0.9881312723718904,0.9930000000000001,0.9930000000000001,0.9930000000000001,0.9924580664265708,0.9948443377350941,0.9629717326930772,0.998539599839936,0.9918388043217287,0.9946877951180473,0.9589187274909964,0.9985366786714687,0.006084841670008246,0.0031772798247857283,0.009729605225675187,0.0,0.0,1.0,0.0,Oracle,32000,inverse
mistralai/Mistral-7B-v0.1,0.9083932915335475,0.9302763543993343,0.7623354681678496,0.9699390693397374,0.8197736291486291,0.9760000000000001,0.891091225599951,0.9803809491796719,0.9879567827130853,0.9553802641056423,0.9958307883153261,0.97943943657463,0.9877090036014405,0.9514373989595838,0.9957987995198079,0.0002211931649435428,0.00015884897516116325,0.00033559200032868837,0.66,0.045,0.295,1.857417562100671,WISER,32000,inverse
mistralai/Mistral-7B-v0.1,0.67118483046536,0.6124080792690008,0.4682044887780549,0.9199301229957709,0.8590000000000001,0.8590000000000001,0.8590000000000001,0.9205445650260105,0.921515806322529,0.8574150300120048,0.987855662264906,0.9086193421368549,0.9048750700280113,0.8376036334533814,0.9873672909163665,0.0077837495450148704,0.0042880270753357765,0.054556561149092894,0.0,0.0,1.0,0.0,Kadane_6,32000,inverse
mistralai/Mistral-7B-v0.1,0.655707796349574,0.5891277910926549,0.47658644347346585,0.8758565798871565,0.6249999999999999,0.8750000000000001,0.7291666666666666,0.9351672476990796,0.9365378151260504,0.8631517727090836,0.9779145338135254,0.92395850020008,0.9204584233693478,0.8418621848739496,0.9765633613445378,0.010389253124985771,0.005780177399856257,0.05594498194973312,1.0,0.0,0.0,2.0,Kadane_8,32000,inverse
mistralai/Mistral-7B-v0.1,0.645885236139546,0.5809442729427374,0.4587665947840151,0.8561643835616438,0.4905555555555556,0.8830000000000001,0.6307142857142858,0.936439668667467,0.937966386554622,0.8975965986394557,0.9699080672268908,0.9259181096438576,0.9211103641456583,0.8777304441776711,0.9691275550220088,0.01371576267499222,0.007643119125896192,0.06178018957489258,1.0,0.0,0.0,4.0,Kadane_10,32000,inverse
mistralai/Mistral-7B-v0.1,0.6301552485708268,0.5716999718547706,0.44633596437999756,0.8139004450464397,0.32107142857142845,0.899,0.473157894736842,0.9322955422168867,0.9358597839135654,0.9040140856342537,0.9519696118447379,0.9228401168467387,0.9237475790316126,0.8878913325330132,0.9513819767907163,0.021512855664987,0.011587000724784958,0.07058865970057014,1.0,0.0,0.0,9.0,Kadane_15,32000,inverse
mistralai/Mistral-7B-v0.1,0.6056255447464813,0.597528305843277,0.4746867766664543,0.7598567790649013,0.22105263157894733,0.84,0.35,0.9253501288515406,0.9265355742296919,0.9074884833933573,0.9424240096038415,0.9179426346538616,0.9185475790316127,0.8951582152861144,0.9386641616646659,0.029492422340108532,0.016204609374290156,0.07614348645029168,1.0,0.0,0.0,14.0,Kadane_20,32000,inverse
meta-llama/Meta-Llama-3-8B,0.9353934575642577,0.9754776978140394,0.40190476190476193,0.9900596421471173,0.985,0.985,0.985,0.9891841856742697,0.996998799519808,0.8793329171668668,0.9987968467386955,0.9877860040016008,0.9969618247298919,0.8554953741496599,0.9987910604241697,0.00689680832502745,0.003160833350102621,0.015347820524812256,0.0,0.0,1.0,0.0,Oracle,128256,inverse
meta-llama/Meta-Llama-3-8B,0.916360699662998,0.9703261482107636,0.39113294911580715,0.9940005976095617,0.9114473304473304,0.97,0.9398125541188623,0.9747736070428172,0.9970753101240497,0.6934465786314526,0.9992842016806723,0.9728582072829133,0.9969200480192077,0.6734162785114046,0.9992826010404162,0.0002247714450186322,0.00016624584905002848,0.00036597677467398176,0.3,0.04,0.66,1.5297058540778354,WISER,128256,inverse
meta-llama/Meta-Llama-3-8B,0.6754955213368323,0.6772932553633244,0.21987784958975293,0.9861523244312562,0.8170000000000001,0.8170000000000001,0.8170000000000001,0.9009303657462985,0.8787843137254903,0.8179831852741096,0.99781768707483,0.8871856454581833,0.8634605842336935,0.795418775510204,0.9978116046418568,0.0066378080750655495,0.004329922925171559,0.04977191802518064,0.0,0.0,1.0,0.0,Kadane_6,128256,inverse
meta-llama/Meta-Llama-3-8B,0.7058026358326468,0.667944420464877,0.3441245709535948,0.9698443579766537,0.6071428571428571,0.85,0.7083333333333333,0.9379879535814325,0.9363028411364546,0.8639534053621449,0.9930182072829131,0.9263500440176071,0.9229928771508603,0.8356442016806722,0.9929563825530212,0.00982711620998998,0.005452350700625175,0.057109785400416516,1.0,0.0,0.0,2.0,Kadane_8,128256,inverse
meta-llama/Meta-Llama-3-8B,0.723304182616264,0.6612903225806451,0.33563617303794824,0.9587038294576689,0.4855555555555556,0.8740000000000001,0.6242857142857143,0.9474011972789116,0.9479434973989596,0.8722323009203681,0.9889755582232893,0.9371342216886756,0.9335054021608644,0.8535816806722689,0.9888363425370148,0.012874320615019315,0.006981861775466313,0.060304823575506816,1.0,0.0,0.0,4.0,Kadane_10,128256,inverse
meta-llama/Meta-Llama-3-8B,0.7241926983814964,0.647332395064961,0.32657807747549855,0.9290849673202615,0.31749999999999995,0.889,0.4678947368421052,0.9461992781112446,0.950048019207683,0.9116567827130853,0.9696875630252101,0.937066725890356,0.9377158863545418,0.8888245138055222,0.9677651540616247,0.019963409364972904,0.011535648974313518,0.06725412500059065,1.0,0.0,0.0,9.0,Kadane_15,128256,inverse
meta-llama/Meta-Llama-3-8B,0.7579987967399283,0.7962823925556844,0.38450213598434946,0.9147664047676224,0.23552631578947364,0.895,0.3729166666666666,0.9402689139655862,0.9433307723089236,0.9067842977190876,0.9602988235294118,0.935519369347739,0.9398031212484994,0.8899751260504202,0.9599356702681072,0.030084915640045437,0.015678771550210514,0.08034532325036708,1.0,0.0,0.0,14.0,Kadane_20,128256,inverse
facebook/opt-125m,0.9278283210871467,0.9423977430360289,0.6511016172195058,0.9822309970384995,0.9940000000000001,0.9940000000000001,0.9940000000000001,0.9896463913565426,0.9921496598639455,0.955821856742697,0.9973478511404562,0.9890508251300519,0.9920155262104842,0.9470400960384154,0.9973406402561025,0.004932884350128006,0.002952447198867958,0.007962861125270138,0.0,0.0,1.0,0.0,Oracle,50272,redgreen
facebook/opt-125m,0.808241159356752,0.8280029098750261,0.5234228515625,0.9530487243141553,0.39038957271658503,0.972,0.5570486919154637,0.9546164097639056,0.9631980792316926,0.9019933733493397,0.9716996078431372,0.9522128595438175,0.9616872348939576,0.8902004321728691,0.9712854261704682,0.00032928998010902435,0.0002419882256162964,0.00041816810053205703,0.995,0.005,0.0,8.178936361165796,WISER,50272,redgreen
facebook/opt-125m,0.7019610997713596,0.6449510977456112,0.5473501781883141,0.9493958999088931,0.8550000000000001,0.8550000000000001,0.8550000000000001,0.9103722256902762,0.890522769107643,0.8585354301720688,0.9925444817927171,0.8993021576630652,0.8746866746698679,0.8430095238095239,0.9922666826730693,0.004904453154958901,0.0038729364498976794,0.005432075000544501,0.0,0.0,1.0,0.0,Kadane_6,50272,redgreen
facebook/opt-125m,0.7280295610787578,0.6472834499411801,0.5406570126478499,0.9299320934236662,0.6392857142857142,0.895,0.7458333333333333,0.9362342024809923,0.9413763905562225,0.8618773989595838,0.9876395918367347,0.927648800320128,0.9276012805122049,0.8464252821128451,0.9872074589835935,0.006653754805101926,0.005267171875357235,0.007375817699494291,1.0,0.0,0.0,2.0,Kadane_8,50272,redgreen
facebook/opt-125m,0.7467071229809438,0.8107058292404887,0.5439708566853483,0.9194031568534463,0.5133333333333333,0.924,0.66,0.9448639759903961,0.957134693877551,0.8720031612645058,0.9824552300920368,0.9381911004401761,0.9555361344537815,0.8566129811924769,0.980915518207283,0.01043256771493361,0.006873662499083366,0.051590226024200096,1.0,0.0,0.0,4.0,Kadane_10,50272,redgreen
facebook/opt-125m,0.7741628194908471,0.8160251586760434,0.5406219554401471,0.8874240960865695,0.34714285714285714,0.9719999999999999,0.511578947368421,0.9459410420168066,0.9476366546618648,0.909059943977591,0.9684995998399359,0.942550368947579,0.946365106042417,0.8935258103241297,0.9681790316126451,0.01714351460996113,0.010689120501638172,0.06016223125025136,1.0,0.0,0.0,9.0,Kadane_15,50272,redgreen
facebook/opt-125m,0.7546636321058071,0.7830317589471373,0.563083733349334,0.8622404951370468,0.2510526315789473,0.9540000000000001,0.3974999999999999,0.9374051604641856,0.9381390956382554,0.9147847699079632,0.952706162464986,0.934864256102441,0.9366239295718287,0.9040224569827932,0.952124025610244,0.02173723542499829,0.015707789899443013,0.06343449822356888,1.0,0.0,0.0,14.0,Kadane_20,50272,redgreen
google/gemma-3-270m,0.9197543935153452,0.940188216711173,0.7164860922659431,0.976098578925132,0.995,0.995,0.995,0.988409680672269,0.991551980792317,0.9552993517406964,0.9966402000800321,0.9877123281312525,0.9913643857543017,0.9499586794717887,0.9966185594237695,0.00489527063999958,0.0030555299001207457,0.006869881248940147,0.0,0.0,1.0,0.0,Oracle,262144,redgreen
google/gemma-3-270m,0.7330146023963121,0.7563475292103523,0.12287500000000003,0.9063119310340744,0.40778371697102345,0.944,0.5695405618336765,0.9397762945178072,0.9571755102040816,0.6358017927170869,0.9691923489395758,0.9355849395758302,0.9544672268907562,0.6054675470188076,0.9680713885554222,0.00031334045498624617,0.00011150970003654947,0.0004143295011999728,0.965,0.035,0.0,7.681145747868608,WISER,262144,redgreen
google/gemma-3-270m,0.6746115465248643,0.6398889912011458,0.5244200583618671,0.951633188914548,0.8380000000000001,0.8380000000000001,0.8380000000000001,0.9011306010404162,0.8772753901560625,0.8559290756302521,0.9933854421768707,0.8887203073229292,0.8620827531012405,0.8405298279311725,0.9932049139655863,0.004877515090001907,0.0038830756487186592,0.005463359700570436,0.0,0.0,1.0,0.0,Kadane_6,262144,redgreen
google/gemma-3-270m,0.7130682884028912,0.6378423591658886,0.5014648272616563,0.9330372527208881,0.6349999999999999,0.889,0.7408333333333331,0.9335176870748298,0.937729011604642,0.8604898359343737,0.9888023689475791,0.9243558319327732,0.924526930772309,0.8443045698279312,0.9887109483793518,0.006544449009979871,0.005209443749299681,0.007242858000654451,1.0,0.0,0.0,2.0,Kadane_8,262144,redgreen
google/gemma-3-270m,0.7237158567109069,0.7747407857497961,0.48639180619158373,0.9059523100991379,0.5083333333333333,0.915,0.6535714285714286,0.9422070652260905,0.95232525010004,0.873411756702681,0.9784964385754301,0.9346490180072028,0.948911724689876,0.853941256502601,0.977884793917567,0.010344327720049477,0.006793944399305474,0.0485354493514933,1.0,0.0,0.0,4.0,Kadane_10,262144,redgreen
google/gemma-3-270m,0.7553767415420861,0.8062990798284916,0.5096276771182127,0.8706521506195651,0.3460714285714286,0.9690000000000001,0.51,0.9437937767106844,0.9472305722288916,0.8953128371348539,0.9609279071628651,0.9398287667066828,0.9462154461784714,0.8777252741096438,0.9599367987194878,0.0157995356399897,0.010250956974141445,0.05645938574971297,1.0,0.0,0.0,9.0,Kadane_15,262144,redgreen
google/gemma-3-270m,0.7383227522447754,0.7596573273043861,0.44974938337052334,0.851956571856833,0.25078947368421045,0.9530000000000001,0.39708333333333323,0.9358449027611044,0.9367844737895158,0.91816949979992,0.9492855622248899,0.933243081232493,0.9355066826730692,0.9051715726290516,0.9488255702280912,0.021688538519974827,0.01374825519942533,0.06279740000004495,1.0,0.0,0.0,14.0,Kadane_20,262144,redgreen
facebook/opt-1.3b,0.9057633775207186,0.9383490491780407,0.5566511225037716,0.9733673515402057,0.991,0.991,0.991,0.9859976422569028,0.9916070428171269,0.9229151580632253,0.9964211364545819,0.9847165314125651,0.9914293717486995,0.9066628651460584,0.996390956382553,0.004963956914989467,0.003023134699105867,0.006640460424796402,0.0,0.0,1.0,0.0,Oracle,50272,redgreen
facebook/opt-1.3b,0.7180337137088867,0.7497524752475248,0.29929857301079327,0.9225817622942901,0.39762001070824604,0.93,0.5570669423119023,0.9361692340936375,0.9562981992797119,0.7883281632653061,0.9704172068827531,0.9314086242496998,0.9534172068827531,0.7703099239695879,0.9702192637054822,0.00034831933999157627,0.00020919512376167405,0.0006222399754733495,0.975,0.025,0.0,7.513654237453305,WISER,50272,redgreen
facebook/opt-1.3b,0.6831142975653648,0.63845483731173,0.41145221583514985,0.9435552359616857,0.8570000000000002,0.8570000000000002,0.8570000000000002,0.9092211956782714,0.8927777511004402,0.8496742296918767,0.9924445618247298,0.8976687234893957,0.8766557823129252,0.8330276670668267,0.9922635294117647,0.00481227225004659,0.0038256128263583376,0.0054294055501031835,0.0,0.0,1.0,0.0,Kadane_6,50272,redgreen
facebook/opt-1.3b,0.7131614214259113,0.6424920064737694,0.4448515625,0.9247546068958234,0.6421428571428571,0.8989999999999999,0.7491666666666668,0.9369253909563825,0.9470293717486995,0.8602940056022409,0.9863695398159265,0.9281223513405362,0.9367474989995999,0.8451967106842737,0.9862713645458183,0.006451943319980273,0.005151612500594638,0.007152155200901689,1.0,0.0,0.0,2.0,Kadane_8,50272,redgreen
facebook/opt-1.3b,0.7285730693605271,0.7906212062111856,0.446016123419557,0.9111755143824598,0.5138888888888888,0.925,0.6607142857142857,0.9438330660264106,0.9566327330932373,0.8656674589835934,0.980413525410164,0.9367959679871949,0.953296518607443,0.8509915406162464,0.9799495718287314,0.010085363504895212,0.006463182999868877,0.0493937118500071,1.0,0.0,0.0,4.0,Kadane_10,50272,redgreen
facebook/opt-1.3b,0.7339627492923698,0.7890672453479532,0.4781679999717985,0.8808403053303433,0.34392857142857136,0.963,0.5068421052631579,0.9418509787915166,0.9462625050020008,0.9011533973589435,0.9626080912364946,0.9371190236094438,0.9445722288915566,0.8819414965986395,0.9621103881552621,0.015604717080041155,0.010335306900287833,0.05520602052379218,1.0,0.0,0.0,9.0,Kadane_15,50272,redgreen
facebook/opt-1.3b,0.7221929375310111,0.74639392761056,0.4476430723514283,0.855887744939451,0.2510526315789473,0.9540000000000001,0.3974999999999999,0.9354750108043217,0.9360974789915967,0.9131121088435374,0.9509916206482593,0.932309106042417,0.933772869147659,0.9014974069627851,0.9505546538615446,0.02152526746498552,0.01444073334901077,0.061144480851226035,1.0,0.0,0.0,14.0,Kadane_20,50272,redgreen
princeton-nlp/Sheared-LLaMA-1.3B,0.9191690945377629,0.9343249007206942,0.7267539756782039,0.9760304912478825,0.9930000000000001,0.9930000000000001,0.9930000000000001,0.9889157855142057,0.991216006402561,0.9626098519407763,0.9969564225690276,0.9883034301720689,0.9909855142056823,0.9540274109643858,0.9969304921968787,0.0053185183449750185,0.003038027074035199,0.007134185749373501,0.0,0.0,1.0,0.0,Oracle,32000,redgreen
princeton-nlp/Sheared-LLaMA-1.3B,0.7372178222319465,0.7488708465321576,0.48642528680688335,0.9126809554839754,0.4049665330584448,0.9430000000000001,0.5666067091556729,0.9521049251700682,0.9569643857543018,0.9012280912364946,0.9709195758303322,0.9482992156862744,0.9534023209283713,0.8912437935174069,0.9701038175270108,0.0003219318600167753,0.0002361472012125887,0.0004872753246672802,0.995,0.0,0.005,7.310266752998826,WISER,32000,redgreen
princeton-nlp/Sheared-LLaMA-1.3B,0.6955877900559665,0.6488766799409467,0.49475612462549473,0.9659104977891885,0.8550000000000001,0.8550000000000001,0.8550000000000001,0.9146847202881152,0.9080360144057623,0.8572682993197279,0.9948744857943178,0.9034052212885154,0.8924835534213685,0.8402873229291716,0.9948354701880753,0.004782357499898353,0.003852355925619122,0.005285770174214122,0.0,0.0,1.0,0.0,Kadane_6,32000,redgreen
princeton-nlp/Sheared-LLaMA-1.3B,0.731776174671761,0.6619384486616124,0.47262860541183466,0.9345703883230959,0.6428571428571428,0.9,0.75,0.9394670684273708,0.9512917166866747,0.861249987995198,0.9875214325730292,0.9312147915166067,0.944321568627451,0.8465521888755502,0.9873061784713885,0.006391152529940883,0.0051255879001473655,0.007062700325332116,1.0,0.0,0.0,2.0,Kadane_8,32000,redgreen
princeton-nlp/Sheared-LLaMA-1.3B,0.7351602943143972,0.7867805709281823,0.49046412177600296,0.9146973365929972,0.5111111111111111,0.92,0.6571428571428571,0.9427475406162463,0.9523466986794717,0.873713637454982,0.9824151900760304,0.9356615606242497,0.9497336534613846,0.8591313885554221,0.9822312685074029,0.009901207679977233,0.006460413224840522,0.046629936449789966,1.0,0.0,0.0,4.0,Kadane_10,32000,redgreen
princeton-nlp/Sheared-LLaMA-1.3B,0.7447920504351504,0.7898615410024385,0.5078221505922442,0.8785609606849654,0.34357142857142864,0.9620000000000001,0.5063157894736843,0.9430686210484194,0.9453738295318128,0.9114274989995998,0.9669275070028011,0.9386312541016406,0.9435286114445778,0.8947093317326931,0.9662269627851141,0.016176758535084445,0.010167835024913075,0.05960654967589108,1.0,0.0,0.0,9.0,Kadane_15,32000,redgreen
princeton-nlp/Sheared-LLaMA-1.3B,0.7310464812919908,0.7394372622097989,0.5313847456325099,0.8543332832578349,0.24921052631578944,0.9470000000000001,0.39458333333333334,0.9350266730692277,0.9360845138055223,0.9176167106842738,0.9516402480992397,0.9322235854341737,0.9339377350940377,0.9069904601840736,0.950655406162465,0.02289820146997954,0.01404834967484021,0.0661954506508664,1.0,0.0,0.0,14.0,Kadane_20,32000,redgreen
mistralai/Mistral-7B-v0.1,0.9097055586121263,0.9324577808001814,0.6647891319207109,0.9763552616267794,0.9930000000000001,0.9930000000000001,0.9930000000000001,0.9866332420968388,0.9907599839935974,0.9259099159663865,0.9967521648659464,0.9857867466986795,0.9905405362144858,0.9136384953981592,0.9967115486194479,0.004777115850065457,0.0029889853987242533,0.006776593425729516,0.0,0.0,1.0,0.0,Oracle,32000,redgreen
mistralai/Mistral-7B-v0.1,0.7270703186440685,0.7588750188437019,0.3374456305858987,0.9352915851272016,0.41263740385431563,0.914,0.5685812657280711,0.9418109435774309,0.9571660664265706,0.8463831372549019,0.9732713965586234,0.9375190876350541,0.954628731492597,0.8266633933573428,0.9731400240096039,0.0003282236900031421,0.00020484582610151846,0.0005977128995255043,0.98,0.01,0.01,6.926398775698668,WISER,32000,redgreen
mistralai/Mistral-7B-v0.1,0.6876990642003031,0.6373273055934979,0.5006883252436704,0.956423689054503,0.8530000000000001,0.8530000000000001,0.8530000000000001,0.9074793229291717,0.8881971988795518,0.8555290836334535,0.993898831532613,0.896012761904762,0.8729522208883553,0.8386196958783514,0.9937827771108443,0.00476653036499556,0.0040965242991205745,0.005289106575037295,0.0,0.0,1.0,0.0,Kadane_6,32000,redgreen
mistralai/Mistral-7B-v0.1,0.7229750519506746,0.6804717197267589,0.49178712591756074,0.9282416040533411,0.6457142857142857,0.904,0.7533333333333333,0.9374535174069627,0.9479004401760704,0.860099287715086,0.9865751100440177,0.9291843169267707,0.9426063225290116,0.845172525010004,0.9860610004001601,0.006454292714961412,0.005225197923482483,0.007288854150010593,1.0,0.0,0.0,2.0,Kadane_8,32000,redgreen
mistralai/Mistral-7B-v0.1,0.726549271278785,0.7849857424873876,0.5229989277911538,0.9054940200766403,0.5133333333333333,0.924,0.66,0.941294149659864,0.9497397358943578,0.8731305882352941,0.9824919327731092,0.934214631452581,0.9477045218087234,0.858208419367747,0.9822188555422169,0.010249846494998565,0.006839215625359429,0.04836024927535618,1.0,0.0,0.0,4.0,Kadane_10,32000,redgreen
mistralai/Mistral-7B-v0.1,0.7278949588306947,0.7815152866297723,0.5020416948500257,0.8778770101094757,0.3407142857142857,0.9540000000000001,0.5021052631578947,0.9413551420568227,0.9435510204081632,0.9030319487795118,0.9673381352541016,0.9362213461384554,0.941703081232493,0.8880614165666266,0.9664175190076031,0.01642279477006923,0.010693797900103164,0.05658969582491409,1.0,0.0,0.0,9.0,Kadane_15,32000,redgreen
mistralai/Mistral-7B-v0.1,0.7277016365089253,0.7459657728011014,0.5281079333605696,0.8521226557773744,0.25368421052631573,0.9640000000000001,0.40166666666666667,0.9352574869947979,0.9364425770308124,0.9132700520208082,0.9508855302120848,0.9324278639455783,0.9348060824329731,0.9043677551020408,0.9494984473789516,0.022812764380032605,0.013585976024569391,0.06864689447470482,1.0,0.0,0.0,14.0,Kadane_20,32000,redgreen
meta-llama/Meta-Llama-3-8B,0.952051106956536,0.9602153401896292,0.896662924903568,0.9832215415019763,0.9969999999999999,0.9969999999999999,0.9969999999999999,0.9936191084433773,0.9943022008803521,0.9854633213285314,0.9976553101240496,0.9934358175270108,0.9941805522208884,0.9851370548219288,0.997648843537415,0.00510063339494991,0.00306997982474968,0.008747489199777192,0.0,0.0,1.0,0.0,Oracle,128256,redgreen
meta-llama/Meta-Llama-3-8B,0.8972159934268467,0.9166692913385828,0.6990346354395683,0.9754654196946789,0.4565018592518592,0.975,0.6218494372102014,0.9704012068827532,0.9717165266106442,0.9444418727490996,0.9837172549019607,0.9695213221288516,0.9714258503401361,0.9378837374949981,0.9832183833533413,0.00032625623500280197,0.00022624237562922643,0.00045242467526804866,1.0,0.0,0.0,6.432728814430156,WISER,128256,redgreen
meta-llama/Meta-Llama-3-8B,0.6816437710510453,0.6494499884728123,0.6013066202090592,0.9515325044543865,0.825,0.825,0.825,0.8974600160064026,0.8718893957583034,0.8613622488995598,0.9939128371348539,0.8846418679471789,0.8571859143657463,0.846374493797519,0.9937405762304923,0.0049216016449645395,0.003878828774941212,0.005888233024415968,0.0,0.0,1.0,0.0,Kadane_6,128256,redgreen
meta-llama/Meta-Llama-3-8B,0.7175718909423143,0.6462323067759792,0.5857061177815894,0.9284150586387248,0.6185714285714285,0.8660000000000002,0.7216666666666667,0.9312079439775911,0.9364789115646259,0.8615668107242898,0.9867234893957584,0.9212315726290516,0.9214021608643458,0.8466213685474191,0.9864463465386154,0.00869862310494682,0.005292025000244394,0.04920618332394043,1.0,0.0,0.0,2.0,Kadane_8,128256,redgreen
meta-llama/Meta-Llama-3-8B,0.7498165275943331,0.8153804509538136,0.5667403256030695,0.9228215949998896,0.5011111111111112,0.902,0.6442857142857144,0.9466462921168468,0.95616262505002,0.8643169667867147,0.9831608243297318,0.9391426490596239,0.9526983593437375,0.849257919167667,0.9827688755502201,0.010378732935023435,0.006660633324690935,0.05310065520015996,1.0,0.0,0.0,4.0,Kadane_10,128256,redgreen
meta-llama/Meta-Llama-3-8B,0.7868434177759659,0.8396956889264582,0.5572887352269551,0.8967437986476924,0.34035714285714286,0.953,0.501578947368421,0.9484738631452581,0.9505899959983994,0.9127609363745498,0.9695224409763906,0.9445750236094438,0.9496736294517807,0.8978125970388154,0.9692356942777112,0.017307326849968375,0.010691143374606327,0.06371412434959893,1.0,0.0,0.0,9.0,Kadane_15,128256,redgreen
meta-llama/Meta-Llama-3-8B,0.7850048232657534,0.8146712599846464,0.5984346130331062,0.8717539499916156,0.25184210526315787,0.9570000000000001,0.39874999999999994,0.9416089651860744,0.9421555822328931,0.9237784633853541,0.9551873629451781,0.9394868363345339,0.9413091636654662,0.9136317647058823,0.9548457623049219,0.02214647517497724,0.014032524676213142,0.06706949895046818,1.0,0.0,0.0,14.0,Kadane_20,128256,redgreen
facebook/opt-125m,0.9625344413618316,0.9801685623043404,0.7971664021862829,0.9930211109698792,0.9990000000000001,0.9990000000000001,0.9990000000000001,0.9949539671868748,0.9973035614245698,0.9723731012404963,0.9990790716286515,0.9945262521008403,0.9972769907963185,0.967226306522609,0.9990765506202481,0.005842672344997481,0.0031026940745960017,0.008650910424421454,0.0,0.0,1.0,0.0,Oracle,50272,pf
facebook/opt-125m,0.9420755025364894,0.9740776636299024,0.6603257447347786,0.9910002247752248,0.9233432539682539,0.997,0.9587590367545484,0.9907705162064826,0.9954591436574629,0.9531227450980392,0.9988055542216887,0.989781194077631,0.9954197679071628,0.9426166226490597,0.9988039055622249,0.00021274272503433168,0.0001609361244845786,0.0003229291749903497,0.34,0.01,0.65,1.002496882788171,WISER,50272,pf
facebook/opt-125m,0.7278523908563218,0.6819541375872383,0.5724585293149836,0.9900499985163645,0.8590000000000001,0.8590000000000001,0.8590000000000001,0.9083295734293718,0.8731561424569828,0.8637891636654662,0.9985134853941576,0.8971294501800721,0.8587343737494998,0.8493505242096838,0.9985096758703482,0.004971742094958245,0.004010816675281604,0.005822236149560922,0.0,0.0,1.0,0.0,Kadane_6,50272,pf
facebook/opt-125m,0.783140646034452,0.697176241480039,0.5874357381036521,0.9821755639168044,0.6457142857142857,0.904,0.7533333333333333,0.9392610548219287,0.956606162464986,0.8636954461784714,0.9941376950780312,0.9313051668667467,0.9461414965986394,0.8491468187274911,0.9941263145258104,0.008925855820016294,0.00551071907543701,0.0509389521000685,1.0,0.0,0.0,2.0,Kadane_8,50272,pf
facebook/opt-125m,0.8211599074251658,0.8745668951847329,0.6049436088935598,0.9745791004889425,0.5233333333333333,0.9420000000000001,0.6728571428571429,0.9550250388155263,0.9691262104841937,0.8623651540616246,0.9892394077631053,0.9493991724689874,0.9680177671068426,0.8468865466186475,0.989196518607443,0.0108976443749998,0.007138062174954029,0.05601277117375503,1.0,0.0,0.0,4.0,Kadane_10,50272,pf
facebook/opt-125m,0.8555323540549523,0.9061356932153393,0.6291453838530152,0.960590017958695,0.35,0.98,0.5157894736842105,0.9571033949579832,0.960649699879952,0.905548443377351,0.9788845058023209,0.9540922096838735,0.9585687074829932,0.8909519407763105,0.9787098919567827,0.01790127934503289,0.010734544800425284,0.06565425000053439,1.0,0.0,0.0,9.0,Kadane_15,50272,pf
facebook/opt-125m,0.8428097993617655,0.8668648486439852,0.6720513551042537,0.9367255647344752,0.2534210526315789,0.9630000000000001,0.4012499999999999,0.9462375142056823,0.9465443777511005,0.9211574709883954,0.9678290516206483,0.9439283665466188,0.9458064825930372,0.9107614165666267,0.966262256902761,0.023094110605034076,0.01531900104964734,0.0709133350738739,1.0,0.0,0.0,14.0,Kadane_20,50272,pf
google/gemma-3-270m,0.9261227750061823,0.9644784726339979,0.7143113035728125,0.9871261940404905,1.0,1.0,1.0,0.9900393037214886,0.9951482993197278,0.9632721168467387,0.9983428651460584,0.9890861416566626,0.9950825130052021,0.9591994637855142,0.9983403041216486,0.005328216870038887,0.0030188166748757795,0.00922358085108499,0.0,0.0,1.0,0.0,Oracle,262144,pf
google/gemma-3-270m,0.8737514748660052,0.937530969030969,0.248,0.9860793824701195,0.7983032106782108,0.997,0.8866561328607063,0.9822617927170869,0.9884264105642258,0.9181070828331332,0.9979011924769907,0.9796849907963185,0.9881000400160065,0.8942175270108044,0.997894805922369,0.0002546487550716847,0.00017048750132744316,0.00047408059913323113,0.66,0.0,0.34,2.361143790623519,WISER,262144,pf
google/gemma-3-270m,0.7061461651319277,0.6772435973067787,0.4879696054974268,0.9763765058771887,0.885,0.885,0.885,0.9095799039615846,0.8726973989595839,0.8515443457382953,0.996942769107643,0.8985102056822728,0.8582916366546619,0.8327288915566227,0.9969131012404963,0.005026007050009867,0.003962221550546019,0.007613578775590215,0.0,0.0,1.0,0.0,Kadane_6,262144,pf
google/gemma-3-270m,0.7397941067267415,0.6840540959466791,0.4839450191570881,0.9682696803369507,0.6607142857142857,0.925,0.7708333333333333,0.9362849075630251,0.950781912765106,0.8594208883553421,0.9914462585034014,0.9276527619047619,0.9426722689075631,0.842202881152461,0.9913928931572629,0.008152856870055984,0.005103148250054801,0.05076218957569836,1.0,0.0,0.0,2.0,Kadane_8,262144,pf
google/gemma-3-270m,0.7543103954272823,0.7427344724041653,0.48618862232246945,0.9615450538687561,0.5249999999999999,0.945,0.6749999999999999,0.9433536630652261,0.955441056422569,0.8599275790316127,0.986974917967187,0.9359961104441777,0.9494482593037216,0.8448412725090036,0.9861816086434574,0.010583332290043473,0.006909229898565172,0.056313805848731135,1.0,0.0,0.0,4.0,Kadane_10,262144,pf
google/gemma-3-270m,0.7671220143479772,0.7771428571428571,0.556476767452201,0.9474584166656315,0.35,0.9800000000000001,0.5157894736842106,0.9487894133653461,0.9513864745898359,0.8955701960784314,0.9786964385754302,0.9433499351740696,0.946860344137655,0.881053837535014,0.9775100440176071,0.014999494189942198,0.010389525000846334,0.05617199024941329,1.0,0.0,0.0,9.0,Kadane_15,262144,pf
google/gemma-3-270m,0.7703888942762807,0.8046861315466807,0.4820936639118457,0.9326065726841554,0.25368421052631573,0.9640000000000001,0.40166666666666667,0.9418782841136455,0.9424420968387355,0.9137793197278912,0.9643178711484593,0.9379884529811926,0.9398578631452581,0.8989349579831932,0.9627947979191678,0.02495974874002968,0.014386908725191461,0.07271000039972933,1.0,0.0,0.0,14.0,Kadane_20,262144,pf
facebook/opt-1.3b,0.9378820379737985,0.9715964467978973,0.6433010358750517,0.9901121920695757,0.9940000000000001,0.9940000000000001,0.9940000000000001,0.9900402673069227,0.9961871148459384,0.9402916366546619,0.9987384553821529,0.9890916606642657,0.996161824729892,0.9272499399759904,0.9987314125650261,0.005284201670046968,0.003101411449824809,0.008748012174601173,0.0,0.0,1.0,0.0,Oracle,50272,pf
facebook/opt-1.3b,0.8964992995719961,0.9590409590409591,0.415,0.9900007477567297,0.8566338383838383,0.9820000000000002,0.9150429103734521,0.9767641456582632,0.9920321728691477,0.8103965426170469,0.998284049619848,0.9743565714285713,0.9918200880352142,0.7893523169267708,0.9982811524609845,0.00021250020495244826,0.00015943539947329554,0.0003215930997612304,0.515,0.03,0.455,1.6583123951777,WISER,50272,pf
facebook/opt-1.3b,0.7334560275521786,0.6823992133726647,0.49336341686624996,0.985014985014985,0.872,0.872,0.872,0.9153103161264505,0.8849733493397358,0.8420114525810324,0.9978435294117647,0.9048742729091637,0.8705939975990395,0.8226809843937575,0.9978373829531813,0.004888802480109007,0.004031715950486614,0.00656980832395675,0.0,0.0,1.0,0.0,Kadane_6,50272,pf
facebook/opt-1.3b,0.7831631384159283,0.8010742363669163,0.4846225535880708,0.9755834579497485,0.6564285714285714,0.919,0.7658333333333333,0.9409929107643058,0.957878031212485,0.8607631852741096,0.9936634653861545,0.933695707082833,0.9532825930372149,0.8462166226490596,0.9934745818327331,0.009199532090015054,0.005209838849805237,0.05660926805007877,1.0,0.0,0.0,2.0,Kadane_8,50272,pf
facebook/opt-1.3b,0.7975357917447645,0.8756169792694966,0.46973803071364045,0.9705058002231853,0.5227777777777777,0.941,0.672142857142857,0.9499174629851942,0.9654106442577031,0.8638607763105243,0.9893764225690277,0.9438427354941976,0.9641144457783113,0.8477218727490996,0.9890634093637456,0.010616103515021678,0.0067034399006388416,0.051860565250217414,1.0,0.0,0.0,4.0,Kadane_10,50272,pf
facebook/opt-1.3b,0.8125768547117667,0.8747529644268774,0.466786355475763,0.9561873073948115,0.34714285714285714,0.972,0.511578947368421,0.9507360576230492,0.9530913165266106,0.8942110444177671,0.9777806722689075,0.946539494197679,0.9525845538215286,0.8695799439775911,0.9772629851940776,0.014671079409945378,0.010282470450420078,0.05351828262387244,1.0,0.0,0.0,9.0,Kadane_15,50272,pf
facebook/opt-1.3b,0.8017488279223098,0.8397800020435997,0.4307823404581154,0.9384870053725145,0.25499999999999995,0.9690000000000001,0.40375,0.9434737350940375,0.9436136054421769,0.9217192476990795,0.9679449379751901,0.9402071932773111,0.9415915166066426,0.9046929571828732,0.9666372148859544,0.023256860814963146,0.014865056249618647,0.06460112812483203,1.0,0.0,0.0,14.0,Kadane_20,50272,pf
princeton-nlp/Sheared-LLaMA-1.3B,0.9545775073687233,0.9713291408956204,0.7784100667309509,0.9870775347912525,0.9990000000000001,0.9990000000000001,0.9990000000000001,0.9937868267306924,0.9959983993597439,0.9741970628251301,0.9983700200080032,0.9933450532212885,0.9959779111644658,0.971325674269708,0.9983663865546218,0.006389646264979092,0.0030681500000810046,0.011034812499883856,0.0,0.0,1.0,0.0,Oracle,32000,pf
princeton-nlp/Sheared-LLaMA-1.3B,0.9348729935802321,0.96,0.769911813332866,0.9870262714849464,0.8278719336219337,0.995,0.9037744876757396,0.9877776534613845,0.990693237294918,0.9494453781512605,0.9977713645458183,0.9869920176070428,0.9904814725890356,0.9430319327731093,0.9977652821128451,0.00021737540493631968,0.00016003992509467936,0.0003248455012453633,0.625,0.01,0.365,1.896048522585854,WISER,32000,pf
princeton-nlp/Sheared-LLaMA-1.3B,0.7472754214867149,0.6823350941829286,0.5931353908737177,0.985000748502994,0.8820000000000001,0.8820000000000001,0.8820000000000001,0.9185970244097639,0.8887494197679071,0.8626463625450179,0.9977725010004002,0.9087213973589435,0.874142136854742,0.8477213445378151,0.997766762705082,0.005037437459977809,0.00392384407505233,0.0068141128749630315,0.0,0.0,1.0,0.0,Kadane_6,32000,pf
princeton-nlp/Sheared-LLaMA-1.3B,0.8188996292163953,0.851,0.6032844017630267,0.976401179941003,0.6728571428571428,0.9420000000000001,0.785,0.9513444961984794,0.9712033613445379,0.8646284113645458,0.9948583673469388,0.9456678607442978,0.9701134853941576,0.8501329171668668,0.9948109163665466,0.009003841899984764,0.0055160044993499465,0.05492987220013675,1.0,0.0,0.0,2.0,Kadane_8,32000,pf
princeton-nlp/Sheared-LLaMA-1.3B,0.8268008408788674,0.8881368669425938,0.5958569173351258,0.968780487804878,0.5294444444444443,0.953,0.6807142857142855,0.9547179287715087,0.9667497398959584,0.8625640336134454,0.9890147178871548,0.9498830668267308,0.9665290116046419,0.84793181272509,0.9889653381352541,0.010669235850018595,0.007082128449701486,0.06033796177498517,1.0,0.0,0.0,4.0,Kadane_10,32000,pf
princeton-nlp/Sheared-LLaMA-1.3B,0.8372132785919766,0.8845570957576641,0.5829195630585898,0.9459780841286674,0.34785714285714286,0.9740000000000001,0.5126315789473684,0.9529114301720688,0.9544723489395759,0.9050133973589436,0.9781198479391757,0.9495893269307722,0.9536960384153661,0.8905798399359744,0.9773689475790316,0.01520676564005953,0.010416916999338355,0.06214393055038274,1.0,0.0,0.0,9.0,Kadane_15,32000,pf
princeton-nlp/Sheared-LLaMA-1.3B,0.822758610200938,0.8365148898570336,0.6400663134926351,0.9295036643610013,0.2544736842105263,0.9670000000000002,0.40291666666666665,0.9436762929171669,0.9445965586234494,0.9122588395358143,0.9700315406162465,0.9412805154061624,0.9426237695078032,0.9054440896358543,0.9665974149659865,0.023602875004999076,0.014644172899716068,0.07149114375010868,1.0,0.0,0.0,14.0,Kadane_20,32000,pf
mistralai/Mistral-7B-v0.1,0.9004861148829957,0.95421852102142,0.4991409866898148,0.9890115368181172,0.9890000000000001,0.9890000000000001,0.9890000000000001,0.9842770452180872,0.9937341336534614,0.9090098279311725,0.9985380792316927,0.9822005890356142,0.9936161664665866,0.8880045858343337,0.9985358543417366,0.006024084015034532,0.002988304875043468,0.010063794773850535,0.0,0.0,1.0,0.0,Oracle,32000,pf
mistralai/Mistral-7B-v0.1,0.8558681656260859,0.9150434565434565,0.3883225589151884,0.9860282923684037,0.7428640942390942,0.9830000000000001,0.8462258495029166,0.9690462040816326,0.9853453381352542,0.8152030652260904,0.9976589035614246,0.9660924177671069,0.9844462585034014,0.7975818807523009,0.99765506202481,0.0002380411851208919,0.00016120832415253972,0.0004225715488246352,0.77,0.025,0.205,2.897412638890084,WISER,32000,pf
mistralai/Mistral-7B-v0.1,0.6857380027330136,0.6666638862120198,0.39330841216559864,0.9763079960513327,0.8630000000000001,0.8630000000000001,0.8630000000000001,0.9023866362545018,0.8712800320128051,0.8182934693877552,0.9966253461384554,0.8904431644657862,0.8568054421768707,0.7969472589035614,0.9965992797118848,0.004662011024975072,0.0038931576247250633,0.005435732999694665,0.0,0.0,1.0,0.0,Kadane_6,32000,pf
mistralai/Mistral-7B-v0.1,0.730328868407224,0.6774959024121375,0.39925719591457753,0.9771825396825397,0.657142857142857,0.92,0.7666666666666667,0.9340649235694278,0.9488944377751101,0.8562244097639056,0.9943480512204882,0.9252875006002401,0.9404123249299721,0.8396284673869547,0.9941589515806322,0.007128347669977302,0.005482478774729316,0.007855940625358927,1.0,0.0,0.0,2.0,Kadane_8,32000,pf
mistralai/Mistral-7B-v0.1,0.755326180478702,0.7757551020408163,0.38290293855743546,0.9683168316831683,0.5283333333333333,0.951,0.6792857142857142,0.9507677679071628,0.9606044017607043,0.8614264985994398,0.9890861944777911,0.9439760528211285,0.9570815526210484,0.8456978871548619,0.9889030812324929,0.009691084369978852,0.00687966524942567,0.051001848249416074,1.0,0.0,0.0,4.0,Kadane_10,32000,pf
mistralai/Mistral-7B-v0.1,0.7623844838711696,0.806099556204422,0.4093973496920071,0.9486931268151017,0.34928571428571425,0.9780000000000001,0.514736842105263,0.9498718799519807,0.9539076430572229,0.9120590236094438,0.9761267466986795,0.9446007378951581,0.9506925970388156,0.8957937575030012,0.9743203521408563,0.015676208345003034,0.010234013149693055,0.056972245849328834,1.0,0.0,0.0,9.0,Kadane_15,32000,pf
mistralai/Mistral-7B-v0.1,0.7521173813641877,0.7837728781269608,0.3984509466437177,0.9133580686174507,0.2576315789473684,0.9790000000000001,0.4079166666666666,0.9442272076830733,0.94410756302521,0.9230857142857143,0.9714697078831532,0.9400086610644257,0.9403755102040816,0.9085439695878351,0.9699932052821129,0.020432521020038622,0.014029011450611506,0.06332444415052123,1.0,0.0,0.0,14.0,Kadane_20,32000,pf
meta-llama/Meta-Llama-3-8B,0.9749728593544046,0.9860626866914168,0.9122350696479127,0.9960001996007984,1.0,1.0,1.0,0.9969024905962385,0.9981266106442577,0.9886430092036814,0.9994747498999599,0.9967369507803121,0.9981186074429771,0.9883274029611845,0.9994744217687075,0.007452056029997038,0.003146050000032119,0.04813834687483905,0.0,0.0,1.0,0.0,Oracle,128256,pf
meta-llama/Meta-Llama-3-8B,0.9494416824900347,0.962,0.7697952755905512,0.994,0.9641170634920635,1.0,0.9817307546607537,0.995407931172469,0.9969226090436174,0.9807862104841937,0.9990600160064026,0.9949778567426971,0.9967111644657864,0.9778821288515407,0.9990593677470988,0.00020582084496709285,0.0001521607501217659,0.0003552937491804188,0.18,0.0,0.82,0.6782329983125268,WISER,128256,pf
meta-llama/Meta-Llama-3-8B,0.6687082843694623,0.6693306693306693,0.5607866356838562,0.905277097902098,0.81,0.81,0.81,0.882470962785114,0.8724952380952381,0.8656896198479391,0.9821665786314526,0.8684241008403362,0.8579729491796719,0.8500287074829932,0.9813736054421769,0.005831406685038018,0.004074917326124705,0.007051332950686635,0.0,0.0,1.0,0.0,Kadane_6,128256,pf
meta-llama/Meta-Llama-3-8B,0.7362046147664398,0.6611693306693307,0.56062022417154,0.9940308441558442,0.6178571428571428,0.865,0.7208333333333334,0.9144703993597438,0.8730052020808323,0.8628606642657063,0.9971127891156463,0.9041510220088034,0.8583724689875951,0.8482024489795918,0.9967984073629452,0.010245534130017404,0.00555818644993451,0.05582138437489449,1.0,0.0,0.0,2.0,Kadane_8,128256,pf
meta-llama/Meta-Llama-3-8B,0.8029963075238684,0.886,0.5696823446823447,0.9910427147702596,0.5072222222222222,0.9130000000000001,0.6521428571428572,0.9473678143257304,0.9719159663865546,0.8641917567026811,0.9976598879551821,0.9404854581832732,0.9718791516606642,0.8492769267707082,0.9973075630252102,0.0115530058150307,0.006827900325060909,0.05948952677499622,1.0,0.0,0.0,4.0,Kadane_10,128256,pf
meta-llama/Meta-Llama-3-8B,0.8935594373882606,0.9332018043852124,0.5955685064935066,0.9870626623376624,0.34964285714285714,0.9790000000000001,0.5152631578947369,0.969734956382553,0.974300600240096,0.9179649299719889,0.9904222088835534,0.9676429899959984,0.9741506202480993,0.9019055942376951,0.9896556702681073,0.019235325235058554,0.011185318749994622,0.06397225279915801,1.0,0.0,0.0,9.0,Kadane_15,128256,pf
meta-llama/Meta-Llama-3-8B,0.8837491607478042,0.9047860454390024,0.7215482644408597,0.9760728542914172,0.25815789473684203,0.9810000000000001,0.40874999999999995,0.9622772228891557,0.9656014405762305,0.9138636094437775,0.9840066586634654,0.9607130820328131,0.9642738695478191,0.9073625770308124,0.9833807523009204,0.024590632514946264,0.014470570174398744,0.06933768302401404,1.0,0.0,0.0,14.0,Kadane_20,128256,pf
